-- phpMyAdmin SQL Dump
-- version 5.1.1
-- https://www.phpmyadmin.net/
--
-- Host: 127.0.0.1
-- Generation Time: Jun 10, 2023 at 01:11 PM
-- Server version: 10.4.20-MariaDB
-- PHP Version: 8.0.9

SET SQL_MODE = "NO_AUTO_VALUE_ON_ZERO";
START TRANSACTION;
SET time_zone = "+00:00";


/*!40101 SET @OLD_CHARACTER_SET_CLIENT=@@CHARACTER_SET_CLIENT */;
/*!40101 SET @OLD_CHARACTER_SET_RESULTS=@@CHARACTER_SET_RESULTS */;
/*!40101 SET @OLD_COLLATION_CONNECTION=@@COLLATION_CONNECTION */;
/*!40101 SET NAMES utf8mb4 */;

--
-- Database: `zyacbt`
--

-- --------------------------------------------------------

--
-- Table structure for table `cbt_jawaban`
--

CREATE TABLE `cbt_jawaban` (
  `jawaban_id` bigint(20) UNSIGNED NOT NULL,
  `jawaban_soal_id` bigint(20) UNSIGNED NOT NULL,
  `jawaban_detail` text COLLATE utf8_unicode_ci NOT NULL,
  `jawaban_benar` tinyint(1) NOT NULL DEFAULT 0,
  `jawaban_aktif` tinyint(1) NOT NULL DEFAULT 0,
  `poin_jawaban` tinyint(1) NOT NULL DEFAULT 0
) ENGINE=InnoDB DEFAULT CHARSET=utf8 COLLATE=utf8_unicode_ci;

--
-- Dumping data for table `cbt_jawaban`
--

INSERT INTO `cbt_jawaban` (`jawaban_id`, `jawaban_soal_id`, `jawaban_detail`, `jawaban_benar`, `jawaban_aktif`, `poin_jawaban`) VALUES
(186, 57, '<p>1 Syawal</p>\r\n', 1, 1, 0),
(187, 57, '<p>1 Agustus</p>', 0, 1, 0),
(188, 57, '<p>1 Januari</p>', 0, 1, 0),
(189, 57, '<p>1 Desember</p>', 0, 1, 0),
(190, 57, '<p>14 Februari</p>', 0, 1, 0),
(191, 56, '<p>Nazril Irham</p>', 1, 1, 0),
(192, 56, '<p>Joko Susilo</p>', 0, 1, 0),
(193, 56, '<p>Wahyu Saputra</p>\r\n', 0, 1, 0),
(194, 56, '<p>Aril Piterpen</p>', 0, 1, 0),
(195, 56, 'Joko Wow', 0, 1, 0),
(196, 55, '<p>Soekarno</p>', 1, 1, 0),
(197, 55, '<p>Soeharto</p>\r\n', 0, 1, 0),
(198, 55, '<p>Susilo Bambang Yudhoyono</p>\r\n', 0, 1, 0),
(199, 55, '<p>BJ. Habibie</p>\r\n', 0, 1, 0),
(200, 55, '<p>Joko Widodo</p>\r\n', 0, 1, 0),
(201, 54, '<p>Sun East Mall</p>', 1, 1, 0),
(202, 54, '<p>Matahari</p>', 0, 1, 0),
(203, 54, '<p>Bulan</p>', 0, 1, 0),
(204, 54, '<p>Tanah Abang</p>', 0, 1, 0),
(205, 54, '<p>Tanah Lempong</p>', 0, 1, 0),
(206, 53, '<p>Sekolah Menengah Kejuruan</p>', 1, 1, 0),
(207, 53, '<p>Sekolah Menengah Kejujuran</p>', 0, 1, 0),
(208, 53, '<p>Sekolah Maju Sendiri</p>', 0, 1, 0),
(209, 53, '<p>Sekolah Mak Ku</p>', 0, 1, 0),
(210, 53, '<p>Sekolah Memilih Kekasih</p>', 0, 1, 0),
(211, 64, 'Akhirnya aku menemukanmu', 1, 1, 0),
(212, 64, 'Akhir dirimu', 0, 1, 0),
(213, 64, 'Susahnya jadi dia', 0, 1, 0),
(214, 64, 'Jones', 0, 1, 0),
(215, 64, 'Josan - Jomblo Pas Pasan', 0, 1, 0),
(621, 161, '<p>Aksi bela Jomblo</p>\r\n', 1, 1, 0),
(622, 161, '<p>Aksi bela cewek</p>\r\n', 0, 1, 0),
(623, 161, '<p>14 Februari</p>\r\n', 0, 1, 0),
(624, 161, '<p>Hari Valentine</p>\r\n', 0, 1, 0),
(625, 161, '<p>Turun ke jalan</p>\r\n', 0, 1, 0),
(626, 215, '<p>Ketuhanan Yang Maha Esa</p>\r\n', 0, 1, 0),
(627, 215, '<p>Kemanusiaan yang Adil dan Beradab</p>\r\n', 0, 1, 0),
(628, 215, '<p>Persatuan Indonesia</p>\r\n', 1, 1, 0),
(629, 215, '<p>Kerakyatan yang dipimpin oleh hikmat kebijaksanaan dalam permusyawaratan perwakilan</p>\r\n', 1, 1, 3),
(630, 215, '<p>Keadilan Sosial Bagi seluruh rakyat Indonesia</p>\r\n', 1, 1, 5),
(631, 216, '<p>Melahirkan program yang berkaitan dengan Jurusannya.</p>\r\n', 1, 0, 2),
(632, 216, '<p>Mendedikasikan diri terhadap masyarakat dengan program pemerintah.</p>\r\n', 1, 0, 3),
(633, 216, '<p>Membuat Lapangan Kerja dengan keilmuan yang sudah didapatkan.</p>\r\n', 1, 0, 5),
(634, 216, '<p>Bekerja Sama dengan masyarakat dan mengajarkan keilmuan.</p>\r\n', 1, 0, 4),
(637, 217, '<p>3</p>\r\n', 0, 0, 0),
(638, 217, '<p>4</p>\r\n', 1, 0, 5),
(639, 217, '<p>5</p>\r\n', 0, 0, 0),
(642, 217, '<p>6</p>\r\n', 0, 0, 0),
(644, 217, '<p>7</p>\r\n', 0, 0, 0),
(645, 216, '<p>Mengakrabkan diri dengan masyarakat yang sama dengan keilmuan.</p>\r\n', 1, 0, 1),
(647, 219, '<p>3</p>\r\n', 0, 0, 0),
(648, 219, '<p>6</p>\r\n', 0, 0, 0),
(649, 219, '<p>9</p>\r\n', 1, 0, 5),
(650, 219, '<p>12</p>\r\n', 0, 0, 0),
(651, 219, '<p>14</p>\r\n', 0, 0, 0),
(653, 220, '<p>Institut Pendidikan Dalam Negara</p>\r\n', 1, 0, 5),
(654, 220, '<p>Sekolah Tinggi Kesejahteraan Sosial</p>\r\n', 0, 0, 0),
(655, 220, '<p>Sekolah Tinggi Akuntansi Negara</p>\r\n', 0, 0, 0),
(656, 220, '<p>Insititut Pembelaan Dari Negeri</p>\r\n', 0, 0, 0),
(657, 220, '<p>Instansi Pendidikan Dalam Negeri</p>\r\n', 0, 0, 0),
(658, 221, '<p>Menolak dengan halus dan memintanya agar tetap mengikuti prosedur yang ada</p>\r\n', 0, 0, 1),
(659, 221, '<p>Menolak mentah-mentah</p>\r\n', 0, 0, 2),
(660, 221, '<p>Mempertimbangkan, tergantung besar kecilnya nilai suapan</p>\r\n', 0, 0, 3),
(661, 221, '<p>Menerima dengan perasaan bersalah</p>\r\n', 0, 0, 4),
(663, 222, '<p>Menunggu sampai ada yang menawarkan pekerjaan</p>\r\n', 1, 0, 1),
(664, 222, '<p>Melamar pekerjaan bersama-sama dengan teman</p>\r\n', 1, 0, 2),
(665, 222, '<p>Meminta tolong teman atau keluarga untuk mencarikan pekerjaan</p>\r\n', 1, 0, 3),
(666, 222, '<p>Mencari pekerjaan sendiri yang sesuai dengan minat saya</p>\r\n', 1, 0, 4),
(667, 222, '<p>Menghubungi koneksi yang saya miliki</p>\r\n', 1, 0, 5),
(668, 223, '<p>Tidak mau tahu akan kebijakan tersebut</p>\r\n', 1, 0, 1),
(669, 223, '<p>Berpikir dua kali untuk menjalankannya</p>\r\n', 1, 0, 2),
(670, 223, '<p>Bersedia mempelajari dan menjalankan tapi tidak menjadi prioritas</p>\r\n', 1, 0, 3),
(671, 223, '<p>Saya membutuhkan waktu lebih lama untuk menerima kebijakan tersebut</p>\r\n', 1, 0, 4),
(672, 223, '<p>Berusaha mempelajari dan menjalankan sebaik mungkin</p>\r\n', 1, 0, 5),
(673, 224, '<p>Saya akan berusaha bekerja sebaik-baiknya di tempat saya bekerja sekarang</p>\r\n', 1, 0, 1),
(674, 224, '<p>Akan saya pertimbangankan dan memilih yang paling menguntungkan</p>\r\n', 1, 0, 2),
(675, 224, '<p>Saya terima tawaran itu karena akan menambah pengalaman kerja saya</p>\r\n', 1, 0, 3),
(676, 224, '<p>Saya meminta saran dari teman mengenai hal ini</p>\r\n', 1, 0, 4),
(677, 224, '<p>&nbsp;Saya menolak usulan itu, meski dengan perasaan menyesal</p>\r\n', 1, 0, 5),
(678, 225, '<p>Saya suka mendengarkan pendapat-pendapat yang berbeda dengan saya tentang suatu hal</p>\r\n', 1, 0, 1),
(679, 225, '<p>Saya cemas bila ada orang yang mendebat pendapat saya</p>\r\n', 1, 0, 2),
(680, 225, '<p>Kurang bersemangat untuk bertukar pikiran dengan orang lain tentang hal yang serius</p>\r\n', 1, 0, 3),
(681, 225, '<p>&nbsp;Saya senang melakukan diskusi dengan orang lain</p>\r\n', 1, 0, 4),
(682, 225, '<p>&nbsp;Saya lebih senang mengerjakan sesuatu sambil berdiskusi daripada mengerjakan tugas</p>\r\n', 1, 0, 5),
(683, 226, '<p>Bawahan sebaiknya mendengarkan saja pendapat pimpinan</p>\r\n', 1, 0, 1),
(684, 226, '<p>Bawahan boleh berpendapat, tetapi pada akhirnya pendapat pimpinan yang harus diikuti</p>\r\n', 1, 0, 2),
(685, 226, '<p>Pimpinan seharusnya mengikuti pendapat terbanyak peserta rapat</p>\r\n', 1, 0, 3),
(686, 226, '<p>Tidak mungkin selalu ada kesamaan untuk menentukan apa yang harus saya lakukan</p>\r\n', 1, 0, 4),
(687, 226, '<p>Saya melaksanakan perintah atasan meski dengan perasaan khawatir</p>\r\n', 1, 0, 5),
(688, 227, '<p>Sebaiknya tidak perlu terjadi perbedaan pendapat itu.</p>\r\n', 1, 0, 1),
(689, 227, '<p>Sebenarnya pendapat saya benar.</p>\r\n', 1, 0, 2),
(690, 227, '<p>Saya berusaha menghargai pendapatnya.</p>\r\n', 1, 0, 3),
(691, 227, '<p>Setiap orang berhak untuk mempunyai pendapat yang berbeda.</p>\r\n', 1, 0, 4),
(692, 227, '<p>Pendapat saya dan rekan saya sama benarnya, karena kita berasal dari satu bagian yang sama.</p>\r\n', 1, 0, 5),
(693, 228, '<p>Saya dapat berpura-pura menyukai seseorang walaupun sebenarnya saya sangat membencinya.</p>\r\n', 1, 0, 1),
(694, 228, '<p>&nbsp;Lebih baik menghindar dari orang yang saya benci daripada harus bertemu dengannya</p>\r\n', 1, 0, 2),
(695, 228, '<p>Mengatakan langsung kalau saya tidak menyukainya agar ia dapat introspeksi diri.</p>\r\n', 1, 0, 3),
(696, 228, '<p>Saat bertemu dengannya, saya menjaga jarak saya.</p>\r\n', 1, 0, 4),
(697, 228, '<p>Bila melakkukan kesalahan, itu hal yang biasa karena tidak ada manusia yang sempurna</p>\r\n', 1, 0, 5),
(698, 229, '<p>Saya berusaha mengakui kesalahan saya</p>\r\n', 1, 0, 1),
(699, 229, '<p>Saya berusaha mencari penjelasan dan alasan dari kesalahan saya kepada pimpinan</p>\r\n', 1, 0, 2),
(700, 229, '<p>Saya akan meminta maaf dan akan memperbaiki kesalahan bila pimpinan menegur saya</p>\r\n', 1, 0, 3),
(701, 229, '<p>Saya segera menghadap atasan langsung dan meminta waktu untuk memperbaiki kesalahan</p>\r\n', 1, 0, 4),
(702, 229, '<p>Saya tidak perlu mengkhawatirkan yang sudah berlalu, dan tidak melakukan lagi kesalahan di masa datang</p>\r\n', 1, 0, 5),
(703, 221, '<p>Mengupayakan dan menerima dengan lapang dada.</p>\r\n', 0, 0, 5),
(704, 230, '<p>Anda akan berpartisipasi mewakili perusahaan</p>\r\n', 1, 0, 1),
(705, 230, '<p>Tak cukup berpartisipasi saja, saya harus menjadi juara&nbsp;</p>\r\n', 0, 0, 0),
(706, 230, '<p>Paling penting tingkatkan kebersamaan antara tim &amp; kolega&nbsp;</p>\r\n', 0, 0, 0),
(707, 230, '<p>Kompetisi menjadi juara itu utama, agar menjaga nama baik perusahaan&nbsp;</p>\r\n', 0, 0, 0),
(708, 230, '<p>Apapun yang saya lakukan untuk menjaga kebaikan perusahaan</p>\r\n', 0, 0, 0);

-- --------------------------------------------------------

--
-- Table structure for table `cbt_konfigurasi`
--

CREATE TABLE `cbt_konfigurasi` (
  `konfigurasi_id` int(11) NOT NULL,
  `konfigurasi_kode` varchar(50) NOT NULL,
  `konfigurasi_isi` varchar(500) NOT NULL,
  `konfigurasi_keterangan` varchar(100) NOT NULL
) ENGINE=InnoDB DEFAULT CHARSET=latin1;

--
-- Dumping data for table `cbt_konfigurasi`
--

INSERT INTO `cbt_konfigurasi` (`konfigurasi_id`, `konfigurasi_kode`, `konfigurasi_isi`, `konfigurasi_keterangan`) VALUES
(1, 'link_login_operator', 'ya', 'Menampilkan Link Login Operator'),
(2, 'cbt_nama', 'Computer Based-Test', 'Nama Penyelenggara ZYACBT'),
(3, 'cbt_keterangan', 'Ujian Online Berbasis Komputer', 'Keterangan Penyelenggara ZYACBT'),
(4, 'cbt_mobile_lock_xambro', 'tidak', 'Melakukan Lock pada browser mobile agar menggunakan Xambro Saja'),
(5, 'cbt_informasi', '<p>Silahkan pilih Tes yang diikuti dari daftar tes yang tersedia dibawah ini. Apabila tes tidak muncul, silahkan menghubungi Operator yang bertugas.</p>\r\n', 'Informasi yang diberika di Dashboard peserta tes\'');

-- --------------------------------------------------------

--
-- Table structure for table `cbt_modul`
--

CREATE TABLE `cbt_modul` (
  `modul_id` bigint(20) UNSIGNED NOT NULL,
  `modul_nama` varchar(255) COLLATE utf8_unicode_ci NOT NULL,
  `modul_aktif` tinyint(1) NOT NULL DEFAULT 0
) ENGINE=InnoDB DEFAULT CHARSET=utf8 COLLATE=utf8_unicode_ci;

--
-- Dumping data for table `cbt_modul`
--

INSERT INTO `cbt_modul` (`modul_id`, `modul_nama`, `modul_aktif`) VALUES
(9, 'Default', 1);

-- --------------------------------------------------------

--
-- Table structure for table `cbt_sessions`
--

CREATE TABLE `cbt_sessions` (
  `id` varchar(128) NOT NULL,
  `ip_address` varchar(45) NOT NULL,
  `timestamp` int(10) UNSIGNED NOT NULL DEFAULT 0,
  `data` blob NOT NULL
) ENGINE=InnoDB DEFAULT CHARSET=utf8;

--
-- Dumping data for table `cbt_sessions`
--

INSERT INTO `cbt_sessions` (`id`, `ip_address`, `timestamp`, `data`) VALUES
('0i1te2dstqbsiq9juf0tg369p1qj0iv6', '::1', 1686319832, 0x5f5f63695f6c6173745f726567656e65726174657c693a313638363331393833323b6362745f757365725f69647c733a31313a227379616872756e64616c75223b6362745f6e616d617c733a31323a225379616872756e2044616c75223b6362745f6c6576656c7c733a353a2261646d696e223b6362745f6f707369317c733a303a22223b6362745f6f707369327c733a303a22223b),
('0jqe6futnu9kb64vs1h3b3v92lose5ft', '::1', 1686250003, 0x5f5f63695f6c6173745f726567656e65726174657c693a313638363235303030333b6362745f757365725f69647c733a31313a227379616872756e64616c75223b6362745f6e616d617c733a31323a225379616872756e2044616c75223b6362745f6c6576656c7c733a353a2261646d696e223b6362745f6f707369317c733a303a22223b6362745f6f707369327c733a303a22223b6362745f7465735f757365725f69647c733a373a2274657363617432223b6362745f7465735f6e616d617c733a31313a22556a69616e204341542032223b6362745f7465735f67726f75707c733a31303a224b656c6f6d706f6b2031223b6362745f7465735f67726f75705f69647c733a313a2236223b),
('0smfk6ers0rg3vnp0rt736gsgnkiv68q', '::1', 1686320202, 0x5f5f63695f6c6173745f726567656e65726174657c693a313638363332303230323b6362745f757365725f69647c733a31313a227379616872756e64616c75223b6362745f6e616d617c733a31323a225379616872756e2044616c75223b6362745f6c6576656c7c733a353a2261646d696e223b6362745f6f707369317c733a303a22223b6362745f6f707369327c733a303a22223b),
('181h99osp20b3rk6dnq5pc4l5al3gou6', '::1', 1686250621, 0x5f5f63695f6c6173745f726567656e65726174657c693a313638363235303632313b6362745f757365725f69647c733a31313a227379616872756e64616c75223b6362745f6e616d617c733a31323a225379616872756e2044616c75223b6362745f6c6576656c7c733a353a2261646d696e223b6362745f6f707369317c733a303a22223b6362745f6f707369327c733a303a22223b6362745f7465735f757365725f69647c733a373a2274657363617432223b6362745f7465735f6e616d617c733a31313a22556a69616e204341542032223b6362745f7465735f67726f75707c733a31303a224b656c6f6d706f6b2031223b6362745f7465735f67726f75705f69647c733a313a2236223b),
('1sdt850nf8pmk4jnc3rdvppfmi7fh8p4', '::1', 1686262090, 0x5f5f63695f6c6173745f726567656e65726174657c693a313638363236323039303b6362745f757365725f69647c733a31313a227379616872756e64616c75223b6362745f6e616d617c733a31323a225379616872756e2044616c75223b6362745f6c6576656c7c733a353a2261646d696e223b6362745f6f707369317c733a303a22223b6362745f6f707369327c733a303a22223b6362745f7465735f757365725f69647c733a373a2274657363617432223b6362745f7465735f6e616d617c733a31313a22556a69616e204341542032223b6362745f7465735f67726f75707c733a31303a224b656c6f6d706f6b2031223b6362745f7465735f67726f75705f69647c733a313a2236223b),
('22cnta7ipg9mvcgh3lbgnsl3mqolc529', '::1', 1686320603, 0x5f5f63695f6c6173745f726567656e65726174657c693a313638363332303630333b6362745f757365725f69647c733a31313a227379616872756e64616c75223b6362745f6e616d617c733a31323a225379616872756e2044616c75223b6362745f6c6576656c7c733a353a2261646d696e223b6362745f6f707369317c733a303a22223b6362745f6f707369327c733a303a22223b),
('2dlr1btlea4qubartijijph8qg1d910s', '::1', 1686319500, 0x5f5f63695f6c6173745f726567656e65726174657c693a313638363331393530303b6362745f757365725f69647c733a31313a227379616872756e64616c75223b6362745f6e616d617c733a31323a225379616872756e2044616c75223b6362745f6c6576656c7c733a353a2261646d696e223b6362745f6f707369317c733a303a22223b6362745f6f707369327c733a303a22223b),
('2qccn9dn4bvum1ib2em2v5e64kpo94n2', '::1', 1686261046, 0x5f5f63695f6c6173745f726567656e65726174657c693a313638363236313034363b6362745f757365725f69647c733a31313a227379616872756e64616c75223b6362745f6e616d617c733a31323a225379616872756e2044616c75223b6362745f6c6576656c7c733a353a2261646d696e223b6362745f6f707369317c733a303a22223b6362745f6f707369327c733a303a22223b6362745f7465735f757365725f69647c733a373a2274657363617432223b6362745f7465735f6e616d617c733a31313a22556a69616e204341542032223b6362745f7465735f67726f75707c733a31303a224b656c6f6d706f6b2031223b6362745f7465735f67726f75705f69647c733a313a2236223b),
('3d4jr0dmd52eljikcpdunp1ck8bccpp7', '::1', 1686259787, 0x5f5f63695f6c6173745f726567656e65726174657c693a313638363235393738373b6362745f757365725f69647c733a31313a227379616872756e64616c75223b6362745f6e616d617c733a31323a225379616872756e2044616c75223b6362745f6c6576656c7c733a353a2261646d696e223b6362745f6f707369317c733a303a22223b6362745f6f707369327c733a303a22223b6362745f7465735f757365725f69647c733a373a2274657363617432223b6362745f7465735f6e616d617c733a31313a22556a69616e204341542032223b6362745f7465735f67726f75707c733a31303a224b656c6f6d706f6b2031223b6362745f7465735f67726f75705f69647c733a313a2236223b),
('3h7bjui13gdlk3caeu9nhg58khltd7hq', '::1', 1686393609, 0x5f5f63695f6c6173745f726567656e65726174657c693a313638363339333333323b6362745f757365725f69647c733a31313a227379616872756e64616c75223b6362745f6e616d617c733a31323a225379616872756e2044616c75223b6362745f6c6576656c7c733a353a2261646d696e223b6362745f6f707369317c733a303a22223b6362745f6f707369327c733a303a22223b6362745f7465735f757365725f69647c733a373a2274657363617432223b6362745f7465735f6e616d617c733a31313a22556a69616e204341542032223b6362745f7465735f67726f75707c733a31303a224b656c6f6d706f6b2031223b6362745f7465735f67726f75705f69647c733a313a2236223b),
('3i4etkjvnkq68f62r853ehlecrm26qfv', '::1', 1686263070, 0x5f5f63695f6c6173745f726567656e65726174657c693a313638363236333037303b6362745f757365725f69647c733a31313a227379616872756e64616c75223b6362745f6e616d617c733a31323a225379616872756e2044616c75223b6362745f6c6576656c7c733a353a2261646d696e223b6362745f6f707369317c733a303a22223b6362745f6f707369327c733a303a22223b6362745f7465735f757365725f69647c733a373a2274657363617432223b6362745f7465735f6e616d617c733a31313a22556a69616e204341542032223b6362745f7465735f67726f75707c733a31303a224b656c6f6d706f6b2031223b6362745f7465735f67726f75705f69647c733a313a2236223b),
('43c1r48spleu2per858qi8e55qnf13en', '::1', 1686238160, 0x5f5f63695f6c6173745f726567656e65726174657c693a313638363233383136303b6362745f757365725f69647c733a31313a227379616872756e64616c75223b6362745f6e616d617c733a31323a225379616872756e2044616c75223b6362745f6c6576656c7c733a353a2261646d696e223b6362745f6f707369317c733a303a22223b6362745f6f707369327c733a303a22223b),
('4k4tr1107po25ilg7nbgf4om00ii5g6g', '::1', 1686395247, 0x5f5f63695f6c6173745f726567656e65726174657c693a313638363339353137333b6362745f757365725f69647c733a31313a227379616872756e64616c75223b6362745f6e616d617c733a31323a225379616872756e2044616c75223b6362745f6c6576656c7c733a353a2261646d696e223b6362745f6f707369317c733a303a22223b6362745f6f707369327c733a303a22223b),
('55si0ik2p1kalagohuk4rb8j757avjg0', '::1', 1686262445, 0x5f5f63695f6c6173745f726567656e65726174657c693a313638363236323434353b6362745f757365725f69647c733a31313a227379616872756e64616c75223b6362745f6e616d617c733a31323a225379616872756e2044616c75223b6362745f6c6576656c7c733a353a2261646d696e223b6362745f6f707369317c733a303a22223b6362745f6f707369327c733a303a22223b6362745f7465735f757365725f69647c733a373a2274657363617432223b6362745f7465735f6e616d617c733a31313a22556a69616e204341542032223b6362745f7465735f67726f75707c733a31303a224b656c6f6d706f6b2031223b6362745f7465735f67726f75705f69647c733a313a2236223b),
('5g3fh9p2j7681vqn99id05ulf6qq162o', '::1', 1686240034, 0x5f5f63695f6c6173745f726567656e65726174657c693a313638363234303033343b6362745f757365725f69647c733a31313a227379616872756e64616c75223b6362745f6e616d617c733a31323a225379616872756e2044616c75223b6362745f6c6576656c7c733a353a2261646d696e223b6362745f6f707369317c733a303a22223b6362745f6f707369327c733a303a22223b),
('67k7dnro9a2tpo6caudc503439k43n2u', '::1', 1686241514, 0x5f5f63695f6c6173745f726567656e65726174657c693a313638363234313531343b6362745f757365725f69647c733a31313a227379616872756e64616c75223b6362745f6e616d617c733a31323a225379616872756e2044616c75223b6362745f6c6576656c7c733a353a2261646d696e223b6362745f6f707369317c733a303a22223b6362745f6f707369327c733a303a22223b),
('6rtf49tl1odgkmbsvcj3mm07p5v8s4ek', '::1', 1686243243, 0x5f5f63695f6c6173745f726567656e65726174657c693a313638363234333234333b6362745f757365725f69647c733a31313a227379616872756e64616c75223b6362745f6e616d617c733a31323a225379616872756e2044616c75223b6362745f6c6576656c7c733a353a2261646d696e223b6362745f6f707369317c733a303a22223b6362745f6f707369327c733a303a22223b),
('74l1rth0b68n76o7fvn62n6rutl4cj6f', '::1', 1686239410, 0x5f5f63695f6c6173745f726567656e65726174657c693a313638363233393431303b6362745f757365725f69647c733a31313a227379616872756e64616c75223b6362745f6e616d617c733a31323a225379616872756e2044616c75223b6362745f6c6576656c7c733a353a2261646d696e223b6362745f6f707369317c733a303a22223b6362745f6f707369327c733a303a22223b),
('76pecm3ndjuf027c17cmhlmgnqnsvi0n', '::1', 1686244170, 0x5f5f63695f6c6173745f726567656e65726174657c693a313638363234343137303b6362745f757365725f69647c733a31313a227379616872756e64616c75223b6362745f6e616d617c733a31323a225379616872756e2044616c75223b6362745f6c6576656c7c733a353a2261646d696e223b6362745f6f707369317c733a303a22223b6362745f6f707369327c733a303a22223b6362745f7465735f757365725f69647c733a363a22746573636174223b6362745f7465735f6e616d617c733a31363a2254657320556a6920436f626120434154223b6362745f7465735f67726f75707c733a31303a224b656c6f6d706f6b2031223b6362745f7465735f67726f75705f69647c733a313a2236223b),
('85he903hagn1m73s47dl3sv3hmcd2hvr', '::1', 1686248746, 0x5f5f63695f6c6173745f726567656e65726174657c693a313638363234383734363b6362745f757365725f69647c733a31313a227379616872756e64616c75223b6362745f6e616d617c733a31323a225379616872756e2044616c75223b6362745f6c6576656c7c733a353a2261646d696e223b6362745f6f707369317c733a303a22223b6362745f6f707369327c733a303a22223b6362745f7465735f757365725f69647c733a373a2274657363617432223b6362745f7465735f6e616d617c733a31313a22556a69616e204341542032223b6362745f7465735f67726f75707c733a31303a224b656c6f6d706f6b2031223b6362745f7465735f67726f75705f69647c733a313a2236223b),
('8aqe9auqmelqf93kcqef0p5tjve3fbcb', '::1', 1686250812, 0x5f5f63695f6c6173745f726567656e65726174657c693a313638363235303632313b6362745f757365725f69647c733a31313a227379616872756e64616c75223b6362745f6e616d617c733a31323a225379616872756e2044616c75223b6362745f6c6576656c7c733a353a2261646d696e223b6362745f6f707369317c733a303a22223b6362745f6f707369327c733a303a22223b6362745f7465735f757365725f69647c733a373a2274657363617432223b6362745f7465735f6e616d617c733a31313a22556a69616e204341542032223b6362745f7465735f67726f75707c733a31303a224b656c6f6d706f6b2031223b6362745f7465735f67726f75705f69647c733a313a2236223b),
('8bb8c416q8068a9om8vhvq3afmplnet0', '::1', 1686241986, 0x5f5f63695f6c6173745f726567656e65726174657c693a313638363234313938363b6362745f757365725f69647c733a31313a227379616872756e64616c75223b6362745f6e616d617c733a31323a225379616872756e2044616c75223b6362745f6c6576656c7c733a353a2261646d696e223b6362745f6f707369317c733a303a22223b6362745f6f707369327c733a303a22223b),
('8rrbiikrksooa8bresn52vbf67r994du', '::1', 1686237713, 0x5f5f63695f6c6173745f726567656e65726174657c693a313638363233373731333b6362745f757365725f69647c733a31313a227379616872756e64616c75223b6362745f6e616d617c733a31323a225379616872756e2044616c75223b6362745f6c6576656c7c733a353a2261646d696e223b6362745f6f707369317c733a303a22223b6362745f6f707369327c733a303a22223b),
('92t8qt7ea85aivenqr5rfqcauftrrm0q', '::1', 1686258077, 0x5f5f63695f6c6173745f726567656e65726174657c693a313638363235383037373b6362745f757365725f69647c733a31313a227379616872756e64616c75223b6362745f6e616d617c733a31323a225379616872756e2044616c75223b6362745f6c6576656c7c733a353a2261646d696e223b6362745f6f707369317c733a303a22223b6362745f6f707369327c733a303a22223b6362745f7465735f757365725f69647c733a373a2274657363617432223b6362745f7465735f6e616d617c733a31313a22556a69616e204341542032223b6362745f7465735f67726f75707c733a31303a224b656c6f6d706f6b2031223b6362745f7465735f67726f75705f69647c733a313a2236223b),
('arap1abnsl8ppki5rr7erlr7kdu3tp5m', '::1', 1686247007, 0x5f5f63695f6c6173745f726567656e65726174657c693a313638363234373030373b6362745f757365725f69647c733a31313a227379616872756e64616c75223b6362745f6e616d617c733a31323a225379616872756e2044616c75223b6362745f6c6576656c7c733a353a2261646d696e223b6362745f6f707369317c733a303a22223b6362745f6f707369327c733a303a22223b6362745f7465735f757365725f69647c733a373a2274657363617432223b6362745f7465735f6e616d617c733a31313a22556a69616e204341542032223b6362745f7465735f67726f75707c733a31303a224b656c6f6d706f6b2031223b6362745f7465735f67726f75705f69647c733a313a2236223b),
('atqma5kr7nf39nnpe2j87p7064qos3f7', '::1', 1686260597, 0x5f5f63695f6c6173745f726567656e65726174657c693a313638363236303539373b6362745f757365725f69647c733a31313a227379616872756e64616c75223b6362745f6e616d617c733a31323a225379616872756e2044616c75223b6362745f6c6576656c7c733a353a2261646d696e223b6362745f6f707369317c733a303a22223b6362745f6f707369327c733a303a22223b6362745f7465735f757365725f69647c733a373a2274657363617432223b6362745f7465735f6e616d617c733a31313a22556a69616e204341542032223b6362745f7465735f67726f75707c733a31303a224b656c6f6d706f6b2031223b6362745f7465735f67726f75705f69647c733a313a2236223b),
('b0e8p02u7n0pre9fsatu308e5orqruv9', '::1', 1686243545, 0x5f5f63695f6c6173745f726567656e65726174657c693a313638363234333534353b6362745f757365725f69647c733a31313a227379616872756e64616c75223b6362745f6e616d617c733a31323a225379616872756e2044616c75223b6362745f6c6576656c7c733a353a2261646d696e223b6362745f6f707369317c733a303a22223b6362745f6f707369327c733a303a22223b6362745f7465735f757365725f69647c733a363a22746573636174223b6362745f7465735f6e616d617c733a31363a2254657320556a6920436f626120434154223b6362745f7465735f67726f75707c733a31303a224b656c6f6d706f6b2031223b6362745f7465735f67726f75705f69647c733a313a2236223b),
('bcf13aiht55pmp186fi03re6b9sdhnr3', '::1', 1686249378, 0x5f5f63695f6c6173745f726567656e65726174657c693a313638363234393337383b6362745f757365725f69647c733a31313a227379616872756e64616c75223b6362745f6e616d617c733a31323a225379616872756e2044616c75223b6362745f6c6576656c7c733a353a2261646d696e223b6362745f6f707369317c733a303a22223b6362745f6f707369327c733a303a22223b6362745f7465735f757365725f69647c733a373a2274657363617432223b6362745f7465735f6e616d617c733a31313a22556a69616e204341542032223b6362745f7465735f67726f75707c733a31303a224b656c6f6d706f6b2031223b6362745f7465735f67726f75705f69647c733a313a2236223b),
('bse280ut53ufoss328k7odnmmmi2jumv', '::1', 1686322260, 0x5f5f63695f6c6173745f726567656e65726174657c693a313638363332323236303b6362745f757365725f69647c733a31313a227379616872756e64616c75223b6362745f6e616d617c733a31323a225379616872756e2044616c75223b6362745f6c6576656c7c733a353a2261646d696e223b6362745f6f707369317c733a303a22223b6362745f6f707369327c733a303a22223b),
('cre0uir7j5a20gpq850a4m1t8rnpa2h5', '::1', 1686242296, 0x5f5f63695f6c6173745f726567656e65726174657c693a313638363234323239363b6362745f757365725f69647c733a31313a227379616872756e64616c75223b6362745f6e616d617c733a31323a225379616872756e2044616c75223b6362745f6c6576656c7c733a353a2261646d696e223b6362745f6f707369317c733a303a22223b6362745f6f707369327c733a303a22223b),
('dudmsants16vaob9g6dh1u2ari0oolpr', '::1', 1686316537, 0x5f5f63695f6c6173745f726567656e65726174657c693a313638363331363533373b6362745f757365725f69647c733a31313a227379616872756e64616c75223b6362745f6e616d617c733a31323a225379616872756e2044616c75223b6362745f6c6576656c7c733a353a2261646d696e223b6362745f6f707369317c733a303a22223b6362745f6f707369327c733a303a22223b),
('evqgnvir76jmisdjlfrp7osel8acjqdv', '::1', 1686240340, 0x5f5f63695f6c6173745f726567656e65726174657c693a313638363234303334303b6362745f757365725f69647c733a31313a227379616872756e64616c75223b6362745f6e616d617c733a31323a225379616872756e2044616c75223b6362745f6c6576656c7c733a353a2261646d696e223b6362745f6f707369317c733a303a22223b6362745f6f707369327c733a303a22223b),
('f31fabcu6etaor8mmkbc80hhj4pj2hgo', '::1', 1686242635, 0x5f5f63695f6c6173745f726567656e65726174657c693a313638363234323633353b6362745f757365725f69647c733a31313a227379616872756e64616c75223b6362745f6e616d617c733a31323a225379616872756e2044616c75223b6362745f6c6576656c7c733a353a2261646d696e223b6362745f6f707369317c733a303a22223b6362745f6f707369327c733a303a22223b),
('fagq0mr5k1t1sd32qm4e5cho774iqkdq', '::1', 1686395029, 0x5f5f63695f6c6173745f726567656e65726174657c693a313638363339353032393b6362745f757365725f69647c733a31313a227379616872756e64616c75223b6362745f6e616d617c733a31323a225379616872756e2044616c75223b6362745f6c6576656c7c733a353a2261646d696e223b6362745f6f707369317c733a303a22223b6362745f6f707369327c733a303a22223b6362745f7465735f757365725f69647c733a373a2274657363617432223b6362745f7465735f6e616d617c733a31313a22556a69616e204341542032223b6362745f7465735f67726f75707c733a31303a224b656c6f6d706f6b2031223b6362745f7465735f67726f75705f69647c733a313a2236223b),
('fi98gpq39vq8fht747nd39ipifdaith3', '::1', 1686249076, 0x5f5f63695f6c6173745f726567656e65726174657c693a313638363234393037363b6362745f757365725f69647c733a31313a227379616872756e64616c75223b6362745f6e616d617c733a31323a225379616872756e2044616c75223b6362745f6c6576656c7c733a353a2261646d696e223b6362745f6f707369317c733a303a22223b6362745f6f707369327c733a303a22223b6362745f7465735f757365725f69647c733a373a2274657363617432223b6362745f7465735f6e616d617c733a31313a22556a69616e204341542032223b6362745f7465735f67726f75707c733a31303a224b656c6f6d706f6b2031223b6362745f7465735f67726f75705f69647c733a313a2236223b),
('fl8dactkum408vssr90in1skv69ski34', '::1', 1686317922, 0x5f5f63695f6c6173745f726567656e65726174657c693a313638363331373932323b6362745f757365725f69647c733a31313a227379616872756e64616c75223b6362745f6e616d617c733a31323a225379616872756e2044616c75223b6362745f6c6576656c7c733a353a2261646d696e223b6362745f6f707369317c733a303a22223b6362745f6f707369327c733a303a22223b),
('g13veagn6un2d7n0c1qp44nde0c0kmdv', '::1', 1686305154, 0x5f5f63695f6c6173745f726567656e65726174657c693a313638363330353135343b6362745f757365725f69647c733a31313a227379616872756e64616c75223b6362745f6e616d617c733a31323a225379616872756e2044616c75223b6362745f6c6576656c7c733a353a2261646d696e223b6362745f6f707369317c733a303a22223b6362745f6f707369327c733a303a22223b),
('gi8fpt381umlvm7qcbmh2mmh2osgd92q', '::1', 1686257365, 0x5f5f63695f6c6173745f726567656e65726174657c693a313638363235373336353b6362745f757365725f69647c733a31313a227379616872756e64616c75223b6362745f6e616d617c733a31323a225379616872756e2044616c75223b6362745f6c6576656c7c733a353a2261646d696e223b6362745f6f707369317c733a303a22223b6362745f6f707369327c733a303a22223b6362745f7465735f757365725f69647c733a373a2274657363617432223b6362745f7465735f6e616d617c733a31313a22556a69616e204341542032223b6362745f7465735f67726f75707c733a31303a224b656c6f6d706f6b2031223b6362745f7465735f67726f75705f69647c733a313a2236223b),
('glh3fu9h6miip0g6onu83ai9dk8m01gg', '::1', 1686239726, 0x5f5f63695f6c6173745f726567656e65726174657c693a313638363233393732363b6362745f757365725f69647c733a31313a227379616872756e64616c75223b6362745f6e616d617c733a31323a225379616872756e2044616c75223b6362745f6c6576656c7c733a353a2261646d696e223b6362745f6f707369317c733a303a22223b6362745f6f707369327c733a303a22223b),
('hrojjiun1gggcukluje064aa6ub8o8o6', '::1', 1686257767, 0x5f5f63695f6c6173745f726567656e65726174657c693a313638363235373736373b6362745f757365725f69647c733a31313a227379616872756e64616c75223b6362745f6e616d617c733a31323a225379616872756e2044616c75223b6362745f6c6576656c7c733a353a2261646d696e223b6362745f6f707369317c733a303a22223b6362745f6f707369327c733a303a22223b6362745f7465735f757365725f69647c733a373a2274657363617432223b6362745f7465735f6e616d617c733a31313a22556a69616e204341542032223b6362745f7465735f67726f75707c733a31303a224b656c6f6d706f6b2031223b6362745f7465735f67726f75705f69647c733a313a2236223b),
('i6esqffp5r3r8d16tn3rnuhvio7157rb', '::1', 1686262761, 0x5f5f63695f6c6173745f726567656e65726174657c693a313638363236323736313b6362745f757365725f69647c733a31313a227379616872756e64616c75223b6362745f6e616d617c733a31323a225379616872756e2044616c75223b6362745f6c6576656c7c733a353a2261646d696e223b6362745f6f707369317c733a303a22223b6362745f6f707369327c733a303a22223b6362745f7465735f757365725f69647c733a373a2274657363617432223b6362745f7465735f6e616d617c733a31313a22556a69616e204341542032223b6362745f7465735f67726f75707c733a31303a224b656c6f6d706f6b2031223b6362745f7465735f67726f75705f69647c733a313a2236223b),
('ieivfqehr11m4sijd9nag8bi8d58o8h5', '::1', 1686261396, 0x5f5f63695f6c6173745f726567656e65726174657c693a313638363236313339363b6362745f757365725f69647c733a31313a227379616872756e64616c75223b6362745f6e616d617c733a31323a225379616872756e2044616c75223b6362745f6c6576656c7c733a353a2261646d696e223b6362745f6f707369317c733a303a22223b6362745f6f707369327c733a303a22223b6362745f7465735f757365725f69647c733a373a2274657363617432223b6362745f7465735f6e616d617c733a31313a22556a69616e204341542032223b6362745f7465735f67726f75707c733a31303a224b656c6f6d706f6b2031223b6362745f7465735f67726f75705f69647c733a313a2236223b),
('ihq4v3ipad883bg3dqc25ohq24f513as', '::1', 1686258560, 0x5f5f63695f6c6173745f726567656e65726174657c693a313638363235383536303b6362745f757365725f69647c733a31313a227379616872756e64616c75223b6362745f6e616d617c733a31323a225379616872756e2044616c75223b6362745f6c6576656c7c733a353a2261646d696e223b6362745f6f707369317c733a303a22223b6362745f6f707369327c733a303a22223b6362745f7465735f757365725f69647c733a373a2274657363617432223b6362745f7465735f6e616d617c733a31313a22556a69616e204341542032223b6362745f7465735f67726f75707c733a31303a224b656c6f6d706f6b2031223b6362745f7465735f67726f75705f69647c733a313a2236223b),
('itatin8avn1jo5upnfjbnhsqb933vkrd', '::1', 1686246298, 0x5f5f63695f6c6173745f726567656e65726174657c693a313638363234363239383b6362745f757365725f69647c733a31313a227379616872756e64616c75223b6362745f6e616d617c733a31323a225379616872756e2044616c75223b6362745f6c6576656c7c733a353a2261646d696e223b6362745f6f707369317c733a303a22223b6362745f6f707369327c733a303a22223b6362745f7465735f757365725f69647c733a373a2274657363617432223b6362745f7465735f6e616d617c733a31313a22556a69616e204341542032223b6362745f7465735f67726f75707c733a31303a224b656c6f6d706f6b2031223b6362745f7465735f67726f75705f69647c733a313a2236223b),
('j0njtenmf2r0ofsc1gpifi6lsvlk0u69', '::1', 1686248411, 0x5f5f63695f6c6173745f726567656e65726174657c693a313638363234383431313b6362745f757365725f69647c733a31313a227379616872756e64616c75223b6362745f6e616d617c733a31323a225379616872756e2044616c75223b6362745f6c6576656c7c733a353a2261646d696e223b6362745f6f707369317c733a303a22223b6362745f6f707369327c733a303a22223b6362745f7465735f757365725f69647c733a373a2274657363617432223b6362745f7465735f6e616d617c733a31313a22556a69616e204341542032223b6362745f7465735f67726f75707c733a31303a224b656c6f6d706f6b2031223b6362745f7465735f67726f75705f69647c733a313a2236223b),
('jeo4kicenfg981fdqu81co67dgc58q23', '::1', 1686258865, 0x5f5f63695f6c6173745f726567656e65726174657c693a313638363235383836353b6362745f757365725f69647c733a31313a227379616872756e64616c75223b6362745f6e616d617c733a31323a225379616872756e2044616c75223b6362745f6c6576656c7c733a353a2261646d696e223b6362745f6f707369317c733a303a22223b6362745f6f707369327c733a303a22223b6362745f7465735f757365725f69647c733a373a2274657363617432223b6362745f7465735f6e616d617c733a31313a22556a69616e204341542032223b6362745f7465735f67726f75707c733a31303a224b656c6f6d706f6b2031223b6362745f7465735f67726f75705f69647c733a313a2236223b),
('jgf4khil1pqqen0ana5t4s8bbf1tp79f', '::1', 1686247699, 0x5f5f63695f6c6173745f726567656e65726174657c693a313638363234373639393b6362745f757365725f69647c733a31313a227379616872756e64616c75223b6362745f6e616d617c733a31323a225379616872756e2044616c75223b6362745f6c6576656c7c733a353a2261646d696e223b6362745f6f707369317c733a303a22223b6362745f6f707369327c733a303a22223b6362745f7465735f757365725f69647c733a373a2274657363617432223b6362745f7465735f6e616d617c733a31313a22556a69616e204341542032223b6362745f7465735f67726f75707c733a31303a224b656c6f6d706f6b2031223b6362745f7465735f67726f75705f69647c733a313a2236223b),
('jjmgv1bgteabop4cngoqhdrek4dha0gc', '::1', 1686247382, 0x5f5f63695f6c6173745f726567656e65726174657c693a313638363234373338323b6362745f757365725f69647c733a31313a227379616872756e64616c75223b6362745f6e616d617c733a31323a225379616872756e2044616c75223b6362745f6c6576656c7c733a353a2261646d696e223b6362745f6f707369317c733a303a22223b6362745f6f707369327c733a303a22223b6362745f7465735f757365725f69647c733a373a2274657363617432223b6362745f7465735f6e616d617c733a31313a22556a69616e204341542032223b6362745f7465735f67726f75707c733a31303a224b656c6f6d706f6b2031223b6362745f7465735f67726f75705f69647c733a313a2236223b),
('ko4tklteb75maf09vu88bst7kcbb1lhf', '::1', 1686238497, 0x5f5f63695f6c6173745f726567656e65726174657c693a313638363233383439373b6362745f757365725f69647c733a31313a227379616872756e64616c75223b6362745f6e616d617c733a31323a225379616872756e2044616c75223b6362745f6c6576656c7c733a353a2261646d696e223b6362745f6f707369317c733a303a22223b6362745f6f707369327c733a303a22223b),
('kve0b5attdc0ku5486h5um1k5mdu0ker', '::1', 1686246705, 0x5f5f63695f6c6173745f726567656e65726174657c693a313638363234363730353b6362745f757365725f69647c733a31313a227379616872756e64616c75223b6362745f6e616d617c733a31323a225379616872756e2044616c75223b6362745f6c6576656c7c733a353a2261646d696e223b6362745f6f707369317c733a303a22223b6362745f6f707369327c733a303a22223b6362745f7465735f757365725f69647c733a373a2274657363617432223b6362745f7465735f6e616d617c733a31313a22556a69616e204341542032223b6362745f7465735f67726f75707c733a31303a224b656c6f6d706f6b2031223b6362745f7465735f67726f75705f69647c733a313a2236223b),
('l31nrjlv4nbub50ed62p4oenthpcr2pp', '::1', 1686243869, 0x5f5f63695f6c6173745f726567656e65726174657c693a313638363234333836393b6362745f757365725f69647c733a31313a227379616872756e64616c75223b6362745f6e616d617c733a31323a225379616872756e2044616c75223b6362745f6c6576656c7c733a353a2261646d696e223b6362745f6f707369317c733a303a22223b6362745f6f707369327c733a303a22223b6362745f7465735f757365725f69647c733a343a2264616c75223b6362745f7465735f6e616d617c733a31323a225379616872756e2044616c75223b6362745f7465735f67726f75707c733a353a225849204d4d223b6362745f7465735f67726f75705f69647c733a313a2235223b),
('ln07e1b5m74a6ukop0r2tpt084hum76t', '::1', 1686322910, 0x5f5f63695f6c6173745f726567656e65726174657c693a313638363332323930363b6362745f757365725f69647c733a31313a227379616872756e64616c75223b6362745f6e616d617c733a31323a225379616872756e2044616c75223b6362745f6c6576656c7c733a353a2261646d696e223b6362745f6f707369317c733a303a22223b6362745f6f707369327c733a303a22223b),
('lpfqh352kjg9m4ur0c6h780orjc3t47c', '::1', 1686322906, 0x5f5f63695f6c6173745f726567656e65726174657c693a313638363332323930363b6362745f757365725f69647c733a31313a227379616872756e64616c75223b6362745f6e616d617c733a31323a225379616872756e2044616c75223b6362745f6c6576656c7c733a353a2261646d696e223b6362745f6f707369317c733a303a22223b6362745f6f707369327c733a303a22223b),
('o2j8ms9k7df017jvk6jtj78t9bka77ue', '::1', 1686248061, 0x5f5f63695f6c6173745f726567656e65726174657c693a313638363234383036313b6362745f757365725f69647c733a31313a227379616872756e64616c75223b6362745f6e616d617c733a31323a225379616872756e2044616c75223b6362745f6c6576656c7c733a353a2261646d696e223b6362745f6f707369317c733a303a22223b6362745f6f707369327c733a303a22223b6362745f7465735f757365725f69647c733a373a2274657363617432223b6362745f7465735f6e616d617c733a31313a22556a69616e204341542032223b6362745f7465735f67726f75707c733a31303a224b656c6f6d706f6b2031223b6362745f7465735f67726f75705f69647c733a313a2236223b),
('o91kh5gjf50kg4b5tentqm92pfcrm6k5', '::1', 1686305746, 0x5f5f63695f6c6173745f726567656e65726174657c693a313638363330353734363b6362745f757365725f69647c733a31313a227379616872756e64616c75223b6362745f6e616d617c733a31323a225379616872756e2044616c75223b6362745f6c6576656c7c733a353a2261646d696e223b6362745f6f707369317c733a303a22223b6362745f6f707369327c733a303a22223b),
('oe6g0gb4r1iq8elpsgfijiv0h9fd6sch', '::1', 1686318244, 0x5f5f63695f6c6173745f726567656e65726174657c693a313638363331383234343b6362745f757365725f69647c733a31313a227379616872756e64616c75223b6362745f6e616d617c733a31323a225379616872756e2044616c75223b6362745f6c6576656c7c733a353a2261646d696e223b6362745f6f707369317c733a303a22223b6362745f6f707369327c733a303a22223b),
('of33tu4vkuk5h37ej2mi995hjl037f7o', '::1', 1686395306, 0x5f5f63695f6c6173745f726567656e65726174657c693a313638363339353237393b6362745f757365725f69647c733a31313a227379616872756e64616c75223b6362745f6e616d617c733a31323a225379616872756e2044616c75223b6362745f6c6576656c7c733a353a2261646d696e223b6362745f6f707369317c733a303a22223b6362745f6f707369327c733a303a22223b),
('oipgkc87m7hb6rv3scsgkvdoi1f1v3r4', '::1', 1686244860, 0x5f5f63695f6c6173745f726567656e65726174657c693a313638363234343836303b6362745f757365725f69647c733a31313a227379616872756e64616c75223b6362745f6e616d617c733a31323a225379616872756e2044616c75223b6362745f6c6576656c7c733a353a2261646d696e223b6362745f6f707369317c733a303a22223b6362745f6f707369327c733a303a22223b6362745f7465735f757365725f69647c733a373a2274657363617432223b6362745f7465735f6e616d617c733a31313a22556a69616e204341542032223b6362745f7465735f67726f75707c733a31303a224b656c6f6d706f6b2031223b6362745f7465735f67726f75705f69647c733a313a2236223b),
('paefrcrf5o5q32llf9797g0chhtpin2q', '::1', 1686261702, 0x5f5f63695f6c6173745f726567656e65726174657c693a313638363236313730323b6362745f757365725f69647c733a31313a227379616872756e64616c75223b6362745f6e616d617c733a31323a225379616872756e2044616c75223b6362745f6c6576656c7c733a353a2261646d696e223b6362745f6f707369317c733a303a22223b6362745f6f707369327c733a303a22223b6362745f7465735f757365725f69647c733a373a2274657363617432223b6362745f7465735f6e616d617c733a31313a22556a69616e204341542032223b6362745f7465735f67726f75707c733a31303a224b656c6f6d706f6b2031223b6362745f7465735f67726f75705f69647c733a313a2236223b),
('q1jhcn0a7hunao5dncfrockc0uss8ep2', '::1', 1686239103, 0x5f5f63695f6c6173745f726567656e65726174657c693a313638363233393130333b6362745f757365725f69647c733a31313a227379616872756e64616c75223b6362745f6e616d617c733a31323a225379616872756e2044616c75223b6362745f6c6576656c7c733a353a2261646d696e223b6362745f6f707369317c733a303a22223b6362745f6f707369327c733a303a22223b),
('q35q8lua416nkpm8fu88quoprc692aee', '::1', 1686241197, 0x5f5f63695f6c6173745f726567656e65726174657c693a313638363234313139373b6362745f757365725f69647c733a31313a227379616872756e64616c75223b6362745f6e616d617c733a31323a225379616872756e2044616c75223b6362745f6c6576656c7c733a353a2261646d696e223b6362745f6f707369317c733a303a22223b6362745f6f707369327c733a303a22223b),
('qfkfahvl75soj4l1sk0o9naebgqdv63u', '::1', 1686249696, 0x5f5f63695f6c6173745f726567656e65726174657c693a313638363234393639363b6362745f757365725f69647c733a31313a227379616872756e64616c75223b6362745f6e616d617c733a31323a225379616872756e2044616c75223b6362745f6c6576656c7c733a353a2261646d696e223b6362745f6f707369317c733a303a22223b6362745f6f707369327c733a303a22223b6362745f7465735f757365725f69647c733a373a2274657363617432223b6362745f7465735f6e616d617c733a31313a22556a69616e204341542032223b6362745f7465735f67726f75707c733a31303a224b656c6f6d706f6b2031223b6362745f7465735f67726f75705f69647c733a313a2236223b),
('qjathnmpvs8t8u88hv35ega9u24jdki8', '::1', 1686244541, 0x5f5f63695f6c6173745f726567656e65726174657c693a313638363234343534313b6362745f757365725f69647c733a31313a227379616872756e64616c75223b6362745f6e616d617c733a31323a225379616872756e2044616c75223b6362745f6c6576656c7c733a353a2261646d696e223b6362745f6f707369317c733a303a22223b6362745f6f707369327c733a303a22223b6362745f7465735f757365725f69647c733a373a2274657363617432223b6362745f7465735f6e616d617c733a31313a22556a69616e204341542032223b6362745f7465735f67726f75707c733a31303a224b656c6f6d706f6b2031223b6362745f7465735f67726f75705f69647c733a313a2236223b),
('qosh7d7sbsr2bhlv2kg0pelgk5gmh49m', '::1', 1686245267, 0x5f5f63695f6c6173745f726567656e65726174657c693a313638363234353236373b6362745f757365725f69647c733a31313a227379616872756e64616c75223b6362745f6e616d617c733a31323a225379616872756e2044616c75223b6362745f6c6576656c7c733a353a2261646d696e223b6362745f6f707369317c733a303a22223b6362745f6f707369327c733a303a22223b6362745f7465735f757365725f69647c733a373a2274657363617432223b6362745f7465735f6e616d617c733a31313a22556a69616e204341542032223b6362745f7465735f67726f75707c733a31303a224b656c6f6d706f6b2031223b6362745f7465735f67726f75705f69647c733a313a2236223b),
('qqv3fpka6ackduemglnc3u8cp26ni3ii', '::1', 1686242936, 0x5f5f63695f6c6173745f726567656e65726174657c693a313638363234323933363b6362745f757365725f69647c733a31313a227379616872756e64616c75223b6362745f6e616d617c733a31323a225379616872756e2044616c75223b6362745f6c6576656c7c733a353a2261646d696e223b6362745f6f707369317c733a303a22223b6362745f6f707369327c733a303a22223b),
('r1cbq95rijbkmkukqt6m1rt2jb130i9k', '::1', 1686259327, 0x5f5f63695f6c6173745f726567656e65726174657c693a313638363235393332373b6362745f757365725f69647c733a31313a227379616872756e64616c75223b6362745f6e616d617c733a31323a225379616872756e2044616c75223b6362745f6c6576656c7c733a353a2261646d696e223b6362745f6f707369317c733a303a22223b6362745f6f707369327c733a303a22223b6362745f7465735f757365725f69647c733a373a2274657363617432223b6362745f7465735f6e616d617c733a31313a22556a69616e204341542032223b6362745f7465735f67726f75707c733a31303a224b656c6f6d706f6b2031223b6362745f7465735f67726f75705f69647c733a313a2236223b),
('r4p5q69g5pa25coug14cpdighvv37bjg', '::1', 1686260283, 0x5f5f63695f6c6173745f726567656e65726174657c693a313638363236303238333b6362745f757365725f69647c733a31313a227379616872756e64616c75223b6362745f6e616d617c733a31323a225379616872756e2044616c75223b6362745f6c6576656c7c733a353a2261646d696e223b6362745f6f707369317c733a303a22223b6362745f6f707369327c733a303a22223b6362745f7465735f757365725f69647c733a373a2274657363617432223b6362745f7465735f6e616d617c733a31313a22556a69616e204341542032223b6362745f7465735f67726f75707c733a31303a224b656c6f6d706f6b2031223b6362745f7465735f67726f75705f69647c733a313a2236223b),
('rgrolpc3fjvqo7gfp926has3hje8au2a', '::1', 1686395426, 0x5f5f63695f6c6173745f726567656e65726174657c693a313638363339353430323b6362745f757365725f69647c733a31313a227379616872756e64616c75223b6362745f6e616d617c733a31323a225379616872756e2044616c75223b6362745f6c6576656c7c733a353a2261646d696e223b6362745f6f707369317c733a303a22223b6362745f6f707369327c733a303a22223b),
('rtg9kn4o3jfh8tk5ke8sr5kal250fn89', '::1', 1686395159, 0x5f5f63695f6c6173745f726567656e65726174657c693a313638363339353032393b6362745f757365725f69647c733a31313a227379616872756e64616c75223b6362745f6e616d617c733a31323a225379616872756e2044616c75223b6362745f6c6576656c7c733a353a2261646d696e223b6362745f6f707369317c733a303a22223b6362745f6f707369327c733a303a22223b),
('sjuab3a7uge6v0fv2t0m14jmfnbh1j8u', '::1', 1686316139, 0x5f5f63695f6c6173745f726567656e65726174657c693a313638363331363133393b6362745f757365725f69647c733a31313a227379616872756e64616c75223b6362745f6e616d617c733a31323a225379616872756e2044616c75223b6362745f6c6576656c7c733a353a2261646d696e223b6362745f6f707369317c733a303a22223b6362745f6f707369327c733a303a22223b),
('sr4cmn8b12rfgehpjn76uokrp9540iif', '::1', 1686304229, 0x5f5f63695f6c6173745f726567656e65726174657c693a313638363330343232393b6362745f757365725f69647c733a31313a227379616872756e64616c75223b6362745f6e616d617c733a31323a225379616872756e2044616c75223b6362745f6c6576656c7c733a353a2261646d696e223b6362745f6f707369317c733a303a22223b6362745f6f707369327c733a303a22223b),
('t327r0b1dj5vjj7nr2kg4mtd5hd57e6h', '::1', 1686304775, 0x5f5f63695f6c6173745f726567656e65726174657c693a313638363330343737353b6362745f757365725f69647c733a31313a227379616872756e64616c75223b6362745f6e616d617c733a31323a225379616872756e2044616c75223b6362745f6c6576656c7c733a353a2261646d696e223b6362745f6f707369317c733a303a22223b6362745f6f707369327c733a303a22223b),
('t5763ldtp3bqjh2oej0aebumfk43p792', '::1', 1686319152, 0x5f5f63695f6c6173745f726567656e65726174657c693a313638363331393135323b6362745f757365725f69647c733a31313a227379616872756e64616c75223b6362745f6e616d617c733a31323a225379616872756e2044616c75223b6362745f6c6576656c7c733a353a2261646d696e223b6362745f6f707369317c733a303a22223b6362745f6f707369327c733a303a22223b),
('tfepm15fbp1hmqhe4eojdpf4j16rru6d', '::1', 1686245679, 0x5f5f63695f6c6173745f726567656e65726174657c693a313638363234353637393b6362745f757365725f69647c733a31313a227379616872756e64616c75223b6362745f6e616d617c733a31323a225379616872756e2044616c75223b6362745f6c6576656c7c733a353a2261646d696e223b6362745f6f707369317c733a303a22223b6362745f6f707369327c733a303a22223b6362745f7465735f757365725f69647c733a373a2274657363617432223b6362745f7465735f6e616d617c733a31313a22556a69616e204341542032223b6362745f7465735f67726f75707c733a31303a224b656c6f6d706f6b2031223b6362745f7465735f67726f75705f69647c733a313a2236223b),
('ugbk4ma6gojr7uqe8e1sj2210ev7dep4', '::1', 1686320958, 0x5f5f63695f6c6173745f726567656e65726174657c693a313638363332303935383b6362745f757365725f69647c733a31313a227379616872756e64616c75223b6362745f6e616d617c733a31323a225379616872756e2044616c75223b6362745f6c6576656c7c733a353a2261646d696e223b6362745f6f707369317c733a303a22223b6362745f6f707369327c733a303a22223b),
('ui79jef8buludodujrceier59vt6lgdn', '::1', 1686317563, 0x5f5f63695f6c6173745f726567656e65726174657c693a313638363331373536333b6362745f757365725f69647c733a31313a227379616872756e64616c75223b6362745f6e616d617c733a31323a225379616872756e2044616c75223b6362745f6c6576656c7c733a353a2261646d696e223b6362745f6f707369317c733a303a22223b6362745f6f707369327c733a303a22223b),
('ul5u94v0frooivu79er0m04u79rt16ov', '::1', 1686308182, 0x5f5f63695f6c6173745f726567656e65726174657c693a313638363330383138323b6362745f757365725f69647c733a31313a227379616872756e64616c75223b6362745f6e616d617c733a31323a225379616872756e2044616c75223b6362745f6c6576656c7c733a353a2261646d696e223b6362745f6f707369317c733a303a22223b6362745f6f707369327c733a303a22223b),
('uv2nf9bqj9pqej1480ec306g0p5jpq2a', '::1', 1686318558, 0x5f5f63695f6c6173745f726567656e65726174657c693a313638363331383535383b6362745f757365725f69647c733a31313a227379616872756e64616c75223b6362745f6e616d617c733a31323a225379616872756e2044616c75223b6362745f6c6576656c7c733a353a2261646d696e223b6362745f6f707369317c733a303a22223b6362745f6f707369327c733a303a22223b),
('v06rodu5esei22d12q7rut0bouhu0cb4', '::1', 1686238798, 0x5f5f63695f6c6173745f726567656e65726174657c693a313638363233383739383b6362745f757365725f69647c733a31313a227379616872756e64616c75223b6362745f6e616d617c733a31323a225379616872756e2044616c75223b6362745f6c6576656c7c733a353a2261646d696e223b6362745f6f707369317c733a303a22223b6362745f6f707369327c733a303a22223b),
('vli0om4drd5nc8a1ce2abti9j1re4cko', '::1', 1686316864, 0x5f5f63695f6c6173745f726567656e65726174657c693a313638363331363836343b6362745f757365725f69647c733a31313a227379616872756e64616c75223b6362745f6e616d617c733a31323a225379616872756e2044616c75223b6362745f6c6576656c7c733a353a2261646d696e223b6362745f6f707369317c733a303a22223b6362745f6f707369327c733a303a22223b),
('vujmgjjh96niqfo9d88un03r6nli7r70', '::1', 1686263366, 0x5f5f63695f6c6173745f726567656e65726174657c693a313638363236333037303b6362745f757365725f69647c733a31313a227379616872756e64616c75223b6362745f6e616d617c733a31323a225379616872756e2044616c75223b6362745f6c6576656c7c733a353a2261646d696e223b6362745f6f707369317c733a303a22223b6362745f6f707369327c733a303a22223b6362745f7465735f757365725f69647c733a373a2274657363617432223b6362745f7465735f6e616d617c733a31313a22556a69616e204341542032223b6362745f7465735f67726f75707c733a31303a224b656c6f6d706f6b2031223b6362745f7465735f67726f75705f69647c733a313a2236223b);

-- --------------------------------------------------------

--
-- Table structure for table `cbt_soal`
--

CREATE TABLE `cbt_soal` (
  `soal_id` bigint(20) UNSIGNED NOT NULL,
  `soal_topik_id` bigint(20) UNSIGNED NOT NULL,
  `soal_detail` text COLLATE utf8_unicode_ci NOT NULL,
  `soal_tipe` smallint(3) UNSIGNED NOT NULL DEFAULT 1 COMMENT '1=Pilihan ganda, 2=essay, 3=jawaban singkat',
  `soal_kunci` text COLLATE utf8_unicode_ci DEFAULT NULL COMMENT 'Kunci untuk soal jawaban singkat',
  `soal_difficulty` smallint(6) NOT NULL DEFAULT 1,
  `soal_aktif` tinyint(1) NOT NULL DEFAULT 0,
  `soal_audio` varchar(200) COLLATE utf8_unicode_ci DEFAULT NULL,
  `soal_audio_play` int(11) NOT NULL DEFAULT 0,
  `soal_timer` smallint(10) DEFAULT NULL,
  `soal_inline_answers` tinyint(1) NOT NULL DEFAULT 0,
  `soal_auto_next` tinyint(1) NOT NULL DEFAULT 0
) ENGINE=InnoDB DEFAULT CHARSET=utf8 COLLATE=utf8_unicode_ci;

--
-- Dumping data for table `cbt_soal`
--

INSERT INTO `cbt_soal` (`soal_id`, `soal_topik_id`, `soal_detail`, `soal_tipe`, `soal_kunci`, `soal_difficulty`, `soal_aktif`, `soal_audio`, `soal_audio_play`, `soal_timer`, `soal_inline_answers`, `soal_auto_next`) VALUES
(53, 7, 'Apakah kepanjangan dari SMK ?', 1, NULL, 1, 1, NULL, 1, NULL, 0, 0),
(54, 7, '<p>Nama salah satu Mall yang ada di kota genteng adalah ...<br></p>', 1, NULL, 1, 1, NULL, 1, NULL, 0, 0),
(55, 7, '<p>Siapakah nama tokoh berikut ?</p><p><img src=\"[base_url]uploads/topik_7/soekarno.jpg\" style=\"max-width: 600px;\"><br></p>', 1, NULL, 1, 1, NULL, 1, NULL, 0, 0),
(56, 7, '<p>Siapakah vokalis band NOAH ?<br></p>', 1, NULL, 1, 1, NULL, 1, NULL, 0, 0),
(57, 7, '<p>Tanggal berapakah hari raya Idul Fitri ?</p>\r\n', 1, NULL, 1, 1, NULL, 1, NULL, 0, 0),
(61, 7, 'Jelaskan apa yang dimaksud dengan Jomblo ?', 2, NULL, 1, 1, NULL, 1, NULL, 0, 0),
(62, 7, '<p>PT. Tiar Perkasa ingin melebarkan sayap usaha di bidang kuliner.</p><p>Dari pernyataan tersebut, sebutkan siapa kekasih mas Tiar ?</p>', 2, NULL, 1, 1, NULL, 1, NULL, 0, 0),
(63, 7, '<p>Jelaskan kenapa Liverpool FC susah sekali untuk juara Premiere Leage !</p>\r\n', 2, NULL, 1, 1, NULL, 1, NULL, 0, 0),
(64, 7, '<p>Apakah judul lagu berikut ini?</p>', 1, NULL, 1, 1, 'naff_-_akhirnya_ku_menemukanmu.mp3', 1, NULL, 0, 0),
(161, 7, '<p>Jelaskan arti poster dibawah ini ?</p>\r\n\r\n<p><img src=\"[base_url]uploads/topik_7/5a49b252e7aea.jpeg\" style=\"height:283px; width:300px\" /></p>\r\n', 1, NULL, 1, 1, NULL, 0, NULL, 0, 0),
(214, 7, '<p>Berapakah 5x10 ?</p>\r\n', 3, '50', 1, 1, NULL, 0, NULL, 0, 0),
(215, 7, '<p>Apakah Sila Ketiga dari Pancasila?</p>\r\n', 1, '', 1, 1, NULL, 0, NULL, 0, 0),
(216, 7, '<p>Bagaimana Penerapan Fungsi Mahasiswa terhadap masyarakat Indonesia?</p>\r\n', 1, '', 1, 1, NULL, 0, NULL, 0, 0),
(217, 7, '<p>2^2 =&nbsp;</p>\r\n', 1, '', 1, 1, NULL, 0, NULL, 0, 0),
(219, 7, '<p>Berapakah Akar dari 81?</p>\r\n', 1, '', 1, 1, NULL, 0, NULL, 0, 0),
(220, 9, '<p>Apakah Kepanjangan dari IPDN?</p>\r\n', 1, '', 1, 1, NULL, 0, NULL, 0, 0),
(221, 9, '<p>Ketika orang memberi uang suap pada saya, maka saya &hellip;.</p>\r\n', 1, '', 1, 1, NULL, 0, NULL, 0, 0),
(222, 9, '<p>Saya butuh pekerjaan, maka saya &hellip;.</p>\r\n', 1, '', 1, 1, NULL, 0, NULL, 0, 0),
(223, 9, '<p>Jika ada kebijakan baru dari perusahaan yang membuat beban kerja saya semakin berat, maka saya &hellip;.</p>\r\n', 1, '', 1, 1, NULL, 0, NULL, 0, 0),
(224, 9, '<p>Seorang rekan mengajak untuk pindah kerja ke perusahaan lain dengan penawaran gaji, namun pekerjaannya tidak terlalu sesuai dengan keahlian anda :</p>\r\n', 1, '', 1, 1, NULL, 0, NULL, 0, 0),
(225, 9, '<p>Perbedaan pendapat sering saya alami ketika akan memecahkan suatu masalah</p>\r\n', 1, '', 1, 1, NULL, 0, NULL, 0, 0),
(226, 9, '<p>Bila terjadi perbedaan pendapat dalam suatu rapat di tempat kerja, maka :</p>\r\n', 1, '', 1, 1, NULL, 0, NULL, 0, 0),
(227, 9, '<p>Ketika ada rekan kerja yang tidak sependapat dengan saya tentang sesuatu hal :</p>\r\n', 1, '', 1, 1, NULL, 0, NULL, 0, 0),
(228, 9, '<p>Suatu ketika anda bertemu secara tidak sengaja dengan rekan yang pernah terlibat konflik dan memusuhi anda :</p>\r\n', 1, '', 1, 1, NULL, 0, NULL, 0, 0),
(229, 9, '<p>Saya melakukan kesalahan ketika mengerjakan tugas, yang menyebabkan saya ditegur oleh pimpinan :</p>\r\n', 1, '', 1, 1, NULL, 0, NULL, 0, 0),
(230, 9, '<p>Sebagai peserta lomba dalam Hari Ulang Tahun perusahaan di tempat Anda bekerja, yang diikuti oleh semua kolega perusahaan, maka Anda akan ....</p>\r\n', 1, '', 1, 1, NULL, 0, NULL, 0, 0);

-- --------------------------------------------------------

--
-- Table structure for table `cbt_tes`
--

CREATE TABLE `cbt_tes` (
  `tes_id` bigint(20) UNSIGNED NOT NULL,
  `tes_nama` varchar(255) COLLATE utf8_unicode_ci NOT NULL,
  `tes_detail` text COLLATE utf8_unicode_ci NOT NULL,
  `tes_begin_time` datetime DEFAULT NULL,
  `tes_end_time` datetime DEFAULT NULL,
  `tes_duration_time` smallint(10) UNSIGNED NOT NULL DEFAULT 0,
  `tes_ip_range` varchar(255) COLLATE utf8_unicode_ci NOT NULL DEFAULT '*.*.*.*',
  `tes_results_to_users` tinyint(1) NOT NULL DEFAULT 0,
  `tes_detail_to_users` tinyint(1) NOT NULL DEFAULT 0,
  `tes_score_right` decimal(10,2) DEFAULT 1.00,
  `tes_score_wrong` decimal(10,2) DEFAULT 0.00,
  `tes_score_unanswered` decimal(10,2) DEFAULT 0.00,
  `tes_max_score` decimal(10,2) NOT NULL DEFAULT 0.00,
  `tes_token` tinyint(1) DEFAULT 0
) ENGINE=InnoDB DEFAULT CHARSET=utf8 COLLATE=utf8_unicode_ci;

--
-- Dumping data for table `cbt_tes`
--

INSERT INTO `cbt_tes` (`tes_id`, `tes_nama`, `tes_detail`, `tes_begin_time`, `tes_end_time`, `tes_duration_time`, `tes_ip_range`, `tes_results_to_users`, `tes_detail_to_users`, `tes_score_right`, `tes_score_wrong`, `tes_score_unanswered`, `tes_max_score`, `tes_token`) VALUES
(5, 'Tes Uji Coba', 'Tes Uji Coba', '2023-06-05 18:57:00', '2023-06-07 18:57:00', 90, '*.*.*.*', 1, 0, '5.00', '-2.00', '0.00', '50.00', 0),
(9, 'Ujian CAT', 'Ujian CAT', '2023-06-10 17:38:00', '2023-06-12 17:38:00', 90, '*.*.*.*', 1, 0, '1.00', '0.00', '0.00', '11.00', 0),
(10, 'Ujian CAT 2', 'Ujian Tes', '2023-06-10 17:38:00', '2023-06-11 17:38:00', 120, '*.*.*.*', 1, 0, '1.00', '0.00', '0.00', '11.00', 0);

-- --------------------------------------------------------

--
-- Table structure for table `cbt_tesgrup`
--

CREATE TABLE `cbt_tesgrup` (
  `tstgrp_tes_id` bigint(20) UNSIGNED NOT NULL,
  `tstgrp_grup_id` bigint(20) UNSIGNED NOT NULL
) ENGINE=InnoDB DEFAULT CHARSET=utf8 COLLATE=utf8_unicode_ci;

--
-- Dumping data for table `cbt_tesgrup`
--

INSERT INTO `cbt_tesgrup` (`tstgrp_tes_id`, `tstgrp_grup_id`) VALUES
(5, 5),
(9, 6),
(10, 6);

-- --------------------------------------------------------

--
-- Table structure for table `cbt_tes_soal`
--

CREATE TABLE `cbt_tes_soal` (
  `tessoal_id` bigint(20) UNSIGNED NOT NULL,
  `tessoal_tesuser_id` bigint(20) UNSIGNED NOT NULL,
  `tessoal_user_ip` varchar(39) COLLATE utf8_unicode_ci DEFAULT NULL,
  `tessoal_soal_id` bigint(20) UNSIGNED NOT NULL,
  `tessoal_jawaban_text` text COLLATE utf8_unicode_ci DEFAULT NULL,
  `tessoal_nilai` decimal(10,2) DEFAULT NULL,
  `tessoal_creation_time` datetime DEFAULT NULL,
  `tessoal_display_time` datetime DEFAULT NULL,
  `tessoal_change_time` datetime DEFAULT NULL,
  `tessoal_reaction_time` bigint(20) UNSIGNED NOT NULL DEFAULT 0,
  `tessoal_ragu` int(1) NOT NULL DEFAULT 0 COMMENT '1=ragu, 0=tidak ragu',
  `tessoal_order` smallint(6) NOT NULL DEFAULT 1,
  `tessoal_num_answers` smallint(5) UNSIGNED NOT NULL DEFAULT 0,
  `tessoal_comment` text COLLATE utf8_unicode_ci DEFAULT NULL,
  `tessoal_audio_play` int(11) NOT NULL DEFAULT 0
) ENGINE=InnoDB DEFAULT CHARSET=utf8 COLLATE=utf8_unicode_ci;

--
-- Dumping data for table `cbt_tes_soal`
--

INSERT INTO `cbt_tes_soal` (`tessoal_id`, `tessoal_tesuser_id`, `tessoal_user_ip`, `tessoal_soal_id`, `tessoal_jawaban_text`, `tessoal_nilai`, `tessoal_creation_time`, `tessoal_display_time`, `tessoal_change_time`, `tessoal_reaction_time`, `tessoal_ragu`, `tessoal_order`, `tessoal_num_answers`, `tessoal_comment`, `tessoal_audio_play`) VALUES
(51, 6, NULL, 61, 'Tanpa Pasangan', '0.00', '2023-06-05 19:02:45', '2023-06-05 19:02:54', '2023-06-05 19:02:58', 0, 0, 1, 0, NULL, 0),
(52, 6, NULL, 54, NULL, '-2.00', '2023-06-05 19:02:45', '2023-06-05 19:03:09', '2023-06-05 19:03:32', 0, 0, 2, 0, NULL, 0),
(53, 6, NULL, 56, NULL, '5.00', '2023-06-05 19:02:45', '2023-06-05 19:03:33', '2023-06-05 19:03:34', 0, 0, 3, 0, NULL, 0),
(54, 6, NULL, 214, '50', '5.00', '2023-06-05 19:02:45', '2023-06-05 19:03:35', '2023-06-05 19:03:38', 0, 0, 4, 0, NULL, 0),
(55, 6, NULL, 64, NULL, '5.00', '2023-06-05 19:02:45', '2023-06-05 19:03:39', '2023-06-05 19:03:41', 0, 0, 5, 0, NULL, 0),
(56, 6, NULL, 63, 'Payah', '0.00', '2023-06-05 19:02:45', '2023-06-05 19:03:42', '2023-06-05 19:03:47', 0, 0, 6, 0, NULL, 0),
(57, 6, NULL, 57, NULL, '5.00', '2023-06-05 19:02:45', '2023-06-05 19:03:48', '2023-06-05 19:03:50', 0, 0, 7, 0, NULL, 0),
(58, 6, NULL, 62, 'Ga Tau', '0.00', '2023-06-05 19:02:45', '2023-06-05 19:03:52', '2023-06-05 19:03:57', 0, 0, 8, 0, NULL, 0),
(59, 6, NULL, 161, NULL, '5.00', '2023-06-05 19:02:45', '2023-06-05 19:04:08', '2023-06-05 19:04:01', 0, 0, 9, 0, NULL, 0),
(60, 6, NULL, 215, NULL, '-2.00', '2023-06-05 19:02:45', '2023-06-05 19:04:03', '2023-06-05 19:04:06', 0, 0, 10, 0, NULL, 0),
(113, 12, NULL, 220, NULL, '1.00', '2023-06-09 01:59:30', '2023-06-09 01:59:48', '2023-06-09 01:59:49', 0, 0, 1, 0, NULL, 0),
(114, 12, NULL, 221, NULL, '0.00', '2023-06-09 01:59:30', '2023-06-09 01:59:49', '2023-06-09 01:59:50', 0, 0, 2, 0, NULL, 0),
(115, 12, NULL, 222, NULL, '1.00', '2023-06-09 01:59:30', '2023-06-09 01:59:51', '2023-06-09 01:59:51', 0, 0, 3, 0, NULL, 0),
(116, 12, NULL, 223, NULL, '1.00', '2023-06-09 01:59:30', '2023-06-09 01:59:44', '2023-06-09 01:59:45', 0, 0, 4, 0, NULL, 0),
(117, 12, NULL, 224, NULL, '1.00', '2023-06-09 01:59:30', '2023-06-09 01:59:41', '2023-06-09 01:59:42', 0, 0, 5, 0, NULL, 0),
(118, 12, NULL, 225, NULL, '1.00', '2023-06-09 01:59:30', '2023-06-09 01:59:52', '2023-06-09 01:59:53', 0, 0, 6, 0, NULL, 0),
(119, 12, NULL, 226, NULL, '1.00', '2023-06-09 01:59:30', '2023-06-09 01:59:54', '2023-06-09 01:59:54', 0, 0, 7, 0, NULL, 0),
(120, 12, NULL, 227, NULL, '1.00', '2023-06-09 01:59:30', '2023-06-09 01:59:55', '2023-06-09 01:59:55', 0, 0, 8, 0, NULL, 0),
(121, 12, NULL, 228, NULL, '1.00', '2023-06-09 01:59:30', '2023-06-09 01:59:56', '2023-06-09 01:59:57', 0, 0, 9, 0, NULL, 0),
(122, 12, NULL, 229, NULL, '1.00', '2023-06-09 01:59:30', '2023-06-09 01:59:58', '2023-06-09 01:59:59', 0, 0, 10, 0, NULL, 0),
(123, 12, NULL, 230, NULL, '0.00', '2023-06-09 01:59:30', '2023-06-09 02:00:00', '2023-06-09 02:00:00', 0, 0, 11, 0, NULL, 0),
(124, 13, NULL, 221, NULL, '0.00', '2023-06-10 17:39:52', '2023-06-10 18:04:03', NULL, 0, 0, 1, 0, NULL, 0),
(125, 13, NULL, 223, NULL, '0.00', '2023-06-10 17:39:52', '2023-06-10 17:56:34', NULL, 0, 0, 2, 0, NULL, 0),
(126, 13, NULL, 222, NULL, '0.00', '2023-06-10 17:39:52', '2023-06-10 17:40:08', NULL, 0, 0, 3, 0, NULL, 0),
(127, 13, NULL, 224, NULL, '0.00', '2023-06-10 17:39:52', '2023-06-10 17:55:04', NULL, 0, 0, 4, 0, NULL, 0),
(128, 13, NULL, 229, NULL, '0.00', '2023-06-10 17:39:52', '2023-06-10 17:40:07', NULL, 0, 0, 5, 0, NULL, 0),
(129, 13, NULL, 220, NULL, '0.00', '2023-06-10 17:39:52', '2023-06-10 17:40:07', NULL, 0, 0, 6, 0, NULL, 0),
(130, 13, NULL, 227, NULL, '0.00', '2023-06-10 17:39:52', '2023-06-10 17:55:04', NULL, 0, 0, 7, 0, NULL, 0),
(131, 13, NULL, 228, NULL, '0.00', '2023-06-10 17:39:52', '2023-06-10 17:55:03', NULL, 0, 0, 8, 0, NULL, 0),
(132, 13, NULL, 226, NULL, '0.00', '2023-06-10 17:39:52', '2023-06-10 17:55:03', NULL, 0, 0, 9, 0, NULL, 0),
(133, 13, NULL, 230, NULL, '0.00', '2023-06-10 17:39:52', '2023-06-10 17:55:02', NULL, 0, 0, 10, 0, NULL, 0),
(134, 13, NULL, 225, NULL, '0.00', '2023-06-10 17:39:52', '2023-06-10 17:55:02', NULL, 0, 0, 11, 0, NULL, 0);

-- --------------------------------------------------------

--
-- Table structure for table `cbt_tes_soal_jawaban`
--

CREATE TABLE `cbt_tes_soal_jawaban` (
  `soaljawaban_tessoal_id` bigint(20) UNSIGNED NOT NULL,
  `soaljawaban_jawaban_id` bigint(20) UNSIGNED NOT NULL,
  `soaljawaban_selected` smallint(6) NOT NULL DEFAULT -1,
  `soaljawaban_order` smallint(6) NOT NULL DEFAULT 1,
  `soaljawaban_position` bigint(20) UNSIGNED DEFAULT NULL
) ENGINE=InnoDB DEFAULT CHARSET=utf8 COLLATE=utf8_unicode_ci;

--
-- Dumping data for table `cbt_tes_soal_jawaban`
--

INSERT INTO `cbt_tes_soal_jawaban` (`soaljawaban_tessoal_id`, `soaljawaban_jawaban_id`, `soaljawaban_selected`, `soaljawaban_order`, `soaljawaban_position`) VALUES
(52, 201, 0, 5, NULL),
(52, 202, 0, 1, NULL),
(52, 203, 0, 4, NULL),
(52, 204, 0, 2, NULL),
(52, 205, 1, 3, NULL),
(53, 191, 1, 4, NULL),
(53, 192, 0, 2, NULL),
(53, 193, 0, 3, NULL),
(53, 194, 0, 1, NULL),
(53, 195, 0, 5, NULL),
(55, 211, 1, 3, NULL),
(55, 212, 0, 1, NULL),
(55, 213, 0, 2, NULL),
(55, 214, 0, 4, NULL),
(55, 215, 0, 5, NULL),
(57, 186, 1, 4, NULL),
(57, 187, 0, 3, NULL),
(57, 188, 0, 2, NULL),
(57, 189, 0, 5, NULL),
(57, 190, 0, 1, NULL),
(59, 621, 1, 4, NULL),
(59, 622, 0, 5, NULL),
(59, 623, 0, 1, NULL),
(59, 624, 0, 2, NULL),
(59, 625, 0, 3, NULL),
(60, 626, 1, 3, NULL),
(60, 627, 0, 1, NULL),
(60, 628, 0, 2, NULL),
(60, 629, 0, 4, NULL),
(60, 630, 0, 5, NULL),
(113, 653, 1, 1, NULL),
(113, 654, 0, 2, NULL),
(113, 655, 0, 3, NULL),
(113, 656, 0, 4, NULL),
(113, 657, 0, 5, NULL),
(114, 658, 0, 1, NULL),
(114, 659, 0, 2, NULL),
(114, 660, 1, 3, NULL),
(114, 661, 0, 4, NULL),
(114, 703, 0, 5, NULL),
(115, 663, 0, 1, NULL),
(115, 664, 0, 2, NULL),
(115, 665, 1, 3, NULL),
(115, 666, 0, 4, NULL),
(115, 667, 0, 5, NULL),
(116, 668, 0, 1, NULL),
(116, 669, 0, 2, NULL),
(116, 670, 0, 3, NULL),
(116, 671, 1, 4, NULL),
(116, 672, 0, 5, NULL),
(117, 673, 0, 1, NULL),
(117, 674, 0, 2, NULL),
(117, 675, 0, 3, NULL),
(117, 676, 1, 4, NULL),
(117, 677, 0, 5, NULL),
(118, 678, 0, 1, NULL),
(118, 679, 0, 2, NULL),
(118, 680, 0, 3, NULL),
(118, 681, 1, 4, NULL),
(118, 682, 0, 5, NULL),
(119, 683, 0, 1, NULL),
(119, 684, 0, 2, NULL),
(119, 685, 1, 3, NULL),
(119, 686, 0, 4, NULL),
(119, 687, 0, 5, NULL),
(120, 688, 0, 1, NULL),
(120, 689, 0, 2, NULL),
(120, 690, 0, 3, NULL),
(120, 691, 1, 4, NULL),
(120, 692, 0, 5, NULL),
(121, 693, 0, 1, NULL),
(121, 694, 0, 2, NULL),
(121, 695, 0, 3, NULL),
(121, 696, 1, 4, NULL),
(121, 697, 0, 5, NULL),
(122, 698, 0, 1, NULL),
(122, 699, 0, 2, NULL),
(122, 700, 1, 3, NULL),
(122, 701, 0, 4, NULL),
(122, 702, 0, 5, NULL),
(123, 704, 0, 1, NULL),
(123, 705, 0, 2, NULL),
(123, 706, 1, 3, NULL),
(123, 707, 0, 4, NULL),
(123, 708, 0, 5, NULL);

-- --------------------------------------------------------

--
-- Table structure for table `cbt_tes_token`
--

CREATE TABLE `cbt_tes_token` (
  `token_id` int(11) NOT NULL,
  `token_isi` varchar(20) NOT NULL,
  `token_user_id` int(11) NOT NULL,
  `token_ts` timestamp NOT NULL DEFAULT current_timestamp(),
  `token_aktif` int(11) NOT NULL DEFAULT 1 COMMENT 'Umur Token dalam menit, 1 = 1 hari penuh',
  `token_tes_id` bigint(20) NOT NULL DEFAULT 0
) ENGINE=InnoDB DEFAULT CHARSET=latin1;

-- --------------------------------------------------------

--
-- Table structure for table `cbt_tes_topik_set`
--

CREATE TABLE `cbt_tes_topik_set` (
  `tset_id` bigint(20) UNSIGNED NOT NULL,
  `tset_tes_id` bigint(20) UNSIGNED NOT NULL,
  `tset_topik_id` bigint(20) UNSIGNED NOT NULL,
  `tset_tipe` smallint(6) NOT NULL DEFAULT 1,
  `tset_difficulty` smallint(6) NOT NULL DEFAULT 1,
  `tset_jumlah` smallint(6) NOT NULL DEFAULT 1,
  `tset_jawaban` smallint(6) NOT NULL DEFAULT 0,
  `tset_acak_jawaban` int(11) NOT NULL DEFAULT 1,
  `tset_acak_soal` int(11) NOT NULL DEFAULT 1
) ENGINE=InnoDB DEFAULT CHARSET=utf8 COLLATE=utf8_unicode_ci;

--
-- Dumping data for table `cbt_tes_topik_set`
--

INSERT INTO `cbt_tes_topik_set` (`tset_id`, `tset_tes_id`, `tset_topik_id`, `tset_tipe`, `tset_difficulty`, `tset_jumlah`, `tset_jawaban`, `tset_acak_jawaban`, `tset_acak_soal`) VALUES
(5, 5, 7, 0, 1, 10, 5, 1, 1),
(9, 9, 9, 1, 1, 11, 5, 0, 0),
(10, 10, 9, 1, 1, 11, 5, 1, 1);

-- --------------------------------------------------------

--
-- Table structure for table `cbt_tes_user`
--

CREATE TABLE `cbt_tes_user` (
  `tesuser_id` bigint(20) UNSIGNED NOT NULL,
  `tesuser_tes_id` bigint(20) UNSIGNED NOT NULL,
  `tesuser_user_id` bigint(20) UNSIGNED NOT NULL,
  `tesuser_status` smallint(5) UNSIGNED NOT NULL DEFAULT 0,
  `tesuser_creation_time` datetime NOT NULL,
  `tesuser_comment` text COLLATE utf8_unicode_ci DEFAULT NULL,
  `tesuser_token` varchar(10) COLLATE utf8_unicode_ci DEFAULT NULL
) ENGINE=InnoDB DEFAULT CHARSET=utf8 COLLATE=utf8_unicode_ci;

--
-- Dumping data for table `cbt_tes_user`
--

INSERT INTO `cbt_tes_user` (`tesuser_id`, `tesuser_tes_id`, `tesuser_user_id`, `tesuser_status`, `tesuser_creation_time`, `tesuser_comment`, `tesuser_token`) VALUES
(6, 5, 3, 4, '2023-06-05 19:02:45', NULL, NULL),
(12, 9, 7, 4, '2023-06-09 01:59:30', NULL, NULL),
(13, 10, 7, 1, '2023-06-10 17:39:52', NULL, NULL);

-- --------------------------------------------------------

--
-- Table structure for table `cbt_topik`
--

CREATE TABLE `cbt_topik` (
  `topik_id` bigint(20) UNSIGNED NOT NULL,
  `topik_modul_id` bigint(20) UNSIGNED NOT NULL DEFAULT 1,
  `topik_nama` varchar(255) COLLATE utf8_unicode_ci NOT NULL,
  `topik_detail` text COLLATE utf8_unicode_ci DEFAULT NULL,
  `topik_aktif` tinyint(1) NOT NULL DEFAULT 0
) ENGINE=InnoDB DEFAULT CHARSET=utf8 COLLATE=utf8_unicode_ci;

--
-- Dumping data for table `cbt_topik`
--

INSERT INTO `cbt_topik` (`topik_id`, `topik_modul_id`, `topik_nama`, `topik_detail`, `topik_aktif`) VALUES
(7, 9, 'Soal Uji Coba', 'Kumpulan Soal untuk Uji Coba ', 1),
(9, 9, 'TKP', 'Tes TKP (CAT) untuk Ujian masuk IPDN', 1);

-- --------------------------------------------------------

--
-- Table structure for table `cbt_user`
--

CREATE TABLE `cbt_user` (
  `user_id` bigint(20) UNSIGNED NOT NULL,
  `user_grup_id` bigint(20) UNSIGNED NOT NULL,
  `user_name` varchar(255) COLLATE utf8_unicode_ci NOT NULL,
  `user_password` varchar(255) COLLATE utf8_unicode_ci NOT NULL,
  `user_email` varchar(255) COLLATE utf8_unicode_ci DEFAULT NULL,
  `user_regdate` timestamp NOT NULL DEFAULT current_timestamp(),
  `user_ip` varchar(39) COLLATE utf8_unicode_ci DEFAULT NULL,
  `user_firstname` varchar(255) COLLATE utf8_unicode_ci DEFAULT NULL,
  `user_birthdate` date DEFAULT NULL,
  `user_birthplace` varchar(255) COLLATE utf8_unicode_ci DEFAULT NULL,
  `user_level` smallint(3) UNSIGNED NOT NULL DEFAULT 1,
  `user_detail` varchar(25) COLLATE utf8_unicode_ci DEFAULT NULL
) ENGINE=InnoDB DEFAULT CHARSET=utf8 COLLATE=utf8_unicode_ci;

--
-- Dumping data for table `cbt_user`
--

INSERT INTO `cbt_user` (`user_id`, `user_grup_id`, `user_name`, `user_password`, `user_email`, `user_regdate`, `user_ip`, `user_firstname`, `user_birthdate`, `user_birthplace`, `user_level`, `user_detail`) VALUES
(3, 5, 'dalu', '12345', '', '2023-06-05 11:50:14', NULL, 'Syahrun Dalu', NULL, NULL, 1, 'Calon Siswa IPDN'),
(4, 6, 'tescat', '12345', '', '2023-06-08 16:56:34', NULL, 'Tes Uji Coba CAT', NULL, NULL, 1, 'Calon Siswa IPDN'),
(7, 6, 'tescat2', '12345', '', '2023-06-08 18:38:24', NULL, 'Ujian CAT 2', NULL, NULL, 1, 'Calon Siswa IPDN');

-- --------------------------------------------------------

--
-- Table structure for table `cbt_user_grup`
--

CREATE TABLE `cbt_user_grup` (
  `grup_id` bigint(20) UNSIGNED NOT NULL,
  `grup_nama` varchar(255) COLLATE utf8_unicode_ci NOT NULL
) ENGINE=InnoDB DEFAULT CHARSET=utf8 COLLATE=utf8_unicode_ci;

--
-- Dumping data for table `cbt_user_grup`
--

INSERT INTO `cbt_user_grup` (`grup_id`, `grup_nama`) VALUES
(6, 'Kelompok 1'),
(5, 'XI MM');

-- --------------------------------------------------------

--
-- Table structure for table `user`
--

CREATE TABLE `user` (
  `id` int(11) NOT NULL,
  `username` varchar(100) NOT NULL,
  `password` varchar(255) NOT NULL,
  `nama` varchar(150) NOT NULL,
  `opsi1` varchar(75) NOT NULL,
  `opsi2` varchar(75) NOT NULL,
  `keterangan` varchar(150) NOT NULL,
  `level` varchar(50) NOT NULL,
  `ts` timestamp NOT NULL DEFAULT current_timestamp()
) ENGINE=InnoDB DEFAULT CHARSET=latin1;

--
-- Dumping data for table `user`
--

INSERT INTO `user` (`id`, `username`, `password`, `nama`, `opsi1`, `opsi2`, `keterangan`, `level`, `ts`) VALUES
(1, 'admin', 'd033e22ae348aeb5660fc2140aec35850c4da997', 'Syahrun Dalu', '', '', '', 'admin', '2015-07-29 18:12:03'),
(4, 'operator', 'fe96dd39756ac41b74283a9292652d366d73931f', 'Operator', '', '', 'Operator', 'operator-soal', '2018-03-30 12:58:55'),
(6, 'syahrundalu', '7f8736559d0c7ef6250aa9b6fc067800d6ba9b50', 'Syahrun Dalu', '', '', 'Pengelola Website', 'admin', '2023-06-05 12:35:40');

-- --------------------------------------------------------

--
-- Table structure for table `user_akses`
--

CREATE TABLE `user_akses` (
  `id` int(11) NOT NULL,
  `level` varchar(75) NOT NULL,
  `kode_menu` varchar(50) NOT NULL,
  `add` int(2) NOT NULL DEFAULT 1 COMMENT '0=false, 1=true',
  `edit` int(2) NOT NULL DEFAULT 1 COMMENT '0=false, 1=true'
) ENGINE=InnoDB DEFAULT CHARSET=latin1;

--
-- Dumping data for table `user_akses`
--

INSERT INTO `user_akses` (`id`, `level`, `kode_menu`, `add`, `edit`) VALUES
(254, 'operator-soal', 'modul-daftar', 1, 1),
(255, 'operator-soal', 'modul-filemanager', 1, 1),
(256, 'operator-soal', 'modul-import', 1, 1),
(257, 'operator-soal', 'modul-soal', 1, 1),
(258, 'operator-soal', 'modul-topik', 1, 1),
(259, 'operator-tes', 'tes-hasil-operator', 1, 1),
(260, 'operator-tes', 'tes-token', 1, 1),
(481, 'admin', 'laporan-analisis-butir-soal', 1, 1),
(482, 'admin', 'peserta-kartu', 1, 1),
(483, 'admin', 'peserta-group', 1, 1),
(484, 'admin', 'peserta-daftar', 1, 1),
(485, 'admin', 'modul-daftar', 1, 1),
(486, 'admin', 'tes-daftar', 1, 1),
(487, 'admin', 'tool-backup', 1, 1),
(488, 'admin', 'tes-evaluasi', 1, 1),
(489, 'admin', 'tool-exportimport-soal', 1, 1),
(490, 'admin', 'modul-filemanager', 1, 1),
(491, 'admin', 'tes-hasil', 1, 1),
(492, 'admin', 'peserta-import', 1, 1),
(493, 'admin', 'modul-import', 1, 1),
(494, 'admin', 'modul-import-word', 1, 1),
(496, 'admin', 'user_level', 1, 1),
(497, 'admin', 'user_menu', 1, 1),
(498, 'admin', 'user_atur', 1, 1),
(499, 'admin', 'user-zyacbt', 1, 1),
(500, 'admin', 'laporan-rekap', 1, 1),
(501, 'admin', 'modul-soal', 1, 1),
(502, 'admin', 'tes-tambah', 1, 1),
(503, 'admin', 'tes-token', 1, 1),
(504, 'admin', 'modul-topik', 1, 1);

-- --------------------------------------------------------

--
-- Table structure for table `user_level`
--

CREATE TABLE `user_level` (
  `id` int(11) NOT NULL,
  `level` varchar(50) NOT NULL,
  `keterangan` varchar(100) DEFAULT NULL
) ENGINE=InnoDB DEFAULT CHARSET=latin1;

--
-- Dumping data for table `user_level`
--

INSERT INTO `user_level` (`id`, `level`, `keterangan`) VALUES
(1, 'admin', 'Administrator'),
(7, 'operator-soal', 'Operator Soal'),
(8, 'operator-tes', 'Operator Tes');

-- --------------------------------------------------------

--
-- Table structure for table `user_log`
--

CREATE TABLE `user_log` (
  `id` int(11) NOT NULL,
  `username` varchar(100) NOT NULL,
  `log` varchar(250) NOT NULL,
  `ts` timestamp NOT NULL DEFAULT current_timestamp()
) ENGINE=InnoDB DEFAULT CHARSET=latin1;

-- --------------------------------------------------------

--
-- Table structure for table `user_menu`
--

CREATE TABLE `user_menu` (
  `id` int(11) NOT NULL,
  `tipe` int(11) NOT NULL DEFAULT 1 COMMENT '0=parent, 1=child',
  `parent` varchar(50) DEFAULT NULL,
  `kode_menu` varchar(50) NOT NULL,
  `nama_menu` varchar(100) NOT NULL,
  `url` varchar(150) NOT NULL DEFAULT '#',
  `icon` varchar(75) NOT NULL DEFAULT 'fa fa-circle-o',
  `urutan` int(11) NOT NULL
) ENGINE=InnoDB DEFAULT CHARSET=latin1;

--
-- Dumping data for table `user_menu`
--

INSERT INTO `user_menu` (`id`, `tipe`, `parent`, `kode_menu`, `nama_menu`, `url`, `icon`, `urutan`) VALUES
(1, 0, '', 'user', 'Pengaturan', '#', 'fa fa-user', 20),
(3, 1, 'user', 'user_atur', 'Pengaturan User', 'manager/useratur', 'fa fa-circle-o', 5),
(4, 1, 'user', 'user_level', 'Pengaturan Level', 'manager/userlevel', 'fa fa-circle-o', 6),
(5, 1, 'user', 'user_menu', 'Pengaturan Menu', 'manager/usermenu', 'fa fa-circle-o', 7),
(6, 0, '', 'modul', 'Data Modul', '#', 'fa fa-book', 2),
(7, 1, 'modul', 'modul-daftar', 'Daftar Soal', 'manager/modul_daftar', 'fa fa-circle-o', 5),
(8, 1, 'modul', 'modul-topik', 'Topik', 'manager/modul_topik', 'fa fa-circle-o', 2),
(10, 0, '', 'peserta', 'Data Peserta', '#', 'fa fa-users', 3),
(11, 1, 'peserta', 'peserta-daftar', 'Daftar Peserta', 'manager/peserta_daftar', 'fa fa-circle-o', 2),
(12, 1, 'peserta', 'peserta-group', 'Daftar Group', 'manager/peserta_group', 'fa fa-circle-o', 1),
(13, 1, 'peserta', 'peserta-import', 'Import Data Peserta', 'manager/peserta_import', 'fa fa-circle-o', 3),
(14, 0, '', 'tes', 'Data Tes', '#', 'fa fa-tasks', 4),
(15, 1, 'tes', 'tes-tambah', 'Tambah Tes', 'manager/tes_tambah', 'fa fa-circle-o', 1),
(16, 1, 'tes', 'tes-daftar', 'Daftar Tes', 'manager/tes_daftar', 'fa fa-circle-o', 2),
(17, 1, 'tes', 'tes-hasil', 'Hasil Tes', 'manager/tes_hasil', 'fa fa-circle-o', 6),
(18, 1, 'modul', 'modul-soal', 'Soal', 'manager/modul_soal', 'fa fa-circle-o', 3),
(19, 1, 'tes', 'tes-token', 'Token', 'manager/tes_token', 'fa fa-circle-o', 8),
(22, 1, 'modul', 'modul-filemanager', 'File Manager', 'manager/modul_filemanager', 'fa fa-circle-o', 6),
(24, 1, 'modul', 'modul-import', 'Import Soal Spreadsheet', 'manager/modul_import', 'fa fa-circle-o', 4),
(25, 1, 'tes', 'tes-evaluasi', 'Evaluasi Tes', 'manager/tes_evaluasi', 'fa fa-circle-o', 5),
(28, 1, 'tes', 'tes-hasil-operator', 'Hasil Tes Operator', 'manager/tes_hasil_operator', 'fa fa-circle-o', 10),
(30, 0, '', 'tool', 'Tool', '#', 'fa fa-wrench', 6),
(31, 1, 'tool', 'tool-backup', 'Database', 'manager/tool_backup', 'fa fa-database', 1),
(32, 1, 'tes-laporan', 'laporan-rekap', 'Rekap Hasil Tes', 'manager/laporan_rekap_hasil', 'fa fa-circle-o', 7),
(33, 1, 'tool', 'tool-exportimport-soal', 'Export / Import Soal', 'manager/tool_exportimport_soal', 'fa fa-circle-o', 2),
(34, 1, 'user', 'user-zyacbt', 'Pengaturan ZYACBT', 'manager/pengaturan_zyacbt', 'fa fa-circle-o', 1),
(37, 1, 'peserta', 'peserta-kartu', 'Cetak Kartu', 'manager/peserta_kartu', 'fa fa-circle-o', 5),
(38, 0, '', 'tes-laporan', 'Laporan', '#', 'fa fa-print', 5),
(41, 1, 'tes-laporan', 'laporan-analisis-butir-soal', 'Analisis Butir Soal', 'manager/laporan_analisis_butir_soal', 'fa fa-circle-o', 1),
(42, 1, 'tes-laporan', 'laporan-analisis-soal', 'Analisis Soal', 'manager/laporan_analisis_soal', 'fa fa-circle-o', 2),
(43, 1, 'modul', 'modul-import-word', 'Import Soal Word', 'manager/modul_import_word', 'fa fa-circle-o', 4);

--
-- Indexes for dumped tables
--

--
-- Indexes for table `cbt_jawaban`
--
ALTER TABLE `cbt_jawaban`
  ADD PRIMARY KEY (`jawaban_id`),
  ADD KEY `p_answer_question_id` (`jawaban_soal_id`);

--
-- Indexes for table `cbt_konfigurasi`
--
ALTER TABLE `cbt_konfigurasi`
  ADD PRIMARY KEY (`konfigurasi_id`),
  ADD UNIQUE KEY `konfigurasi_kode` (`konfigurasi_kode`);

--
-- Indexes for table `cbt_modul`
--
ALTER TABLE `cbt_modul`
  ADD PRIMARY KEY (`modul_id`),
  ADD UNIQUE KEY `ak_module_name` (`modul_nama`);

--
-- Indexes for table `cbt_sessions`
--
ALTER TABLE `cbt_sessions`
  ADD PRIMARY KEY (`id`),
  ADD KEY `ci_sessions_timestamp` (`timestamp`);

--
-- Indexes for table `cbt_soal`
--
ALTER TABLE `cbt_soal`
  ADD PRIMARY KEY (`soal_id`),
  ADD KEY `p_question_subject_id` (`soal_topik_id`);

--
-- Indexes for table `cbt_tes`
--
ALTER TABLE `cbt_tes`
  ADD PRIMARY KEY (`tes_id`),
  ADD UNIQUE KEY `ak_test_name` (`tes_nama`);

--
-- Indexes for table `cbt_tesgrup`
--
ALTER TABLE `cbt_tesgrup`
  ADD PRIMARY KEY (`tstgrp_tes_id`,`tstgrp_grup_id`),
  ADD KEY `p_tstgrp_test_id` (`tstgrp_tes_id`),
  ADD KEY `p_tstgrp_group_id` (`tstgrp_grup_id`);

--
-- Indexes for table `cbt_tes_soal`
--
ALTER TABLE `cbt_tes_soal`
  ADD PRIMARY KEY (`tessoal_id`),
  ADD UNIQUE KEY `ak_testuser_question` (`tessoal_tesuser_id`,`tessoal_soal_id`),
  ADD KEY `p_testlog_question_id` (`tessoal_soal_id`),
  ADD KEY `p_testlog_testuser_id` (`tessoal_tesuser_id`);

--
-- Indexes for table `cbt_tes_soal_jawaban`
--
ALTER TABLE `cbt_tes_soal_jawaban`
  ADD PRIMARY KEY (`soaljawaban_tessoal_id`,`soaljawaban_jawaban_id`),
  ADD KEY `p_logansw_answer_id` (`soaljawaban_jawaban_id`),
  ADD KEY `p_logansw_testlog_id` (`soaljawaban_tessoal_id`);

--
-- Indexes for table `cbt_tes_token`
--
ALTER TABLE `cbt_tes_token`
  ADD PRIMARY KEY (`token_id`),
  ADD KEY `token_user_id` (`token_user_id`);

--
-- Indexes for table `cbt_tes_topik_set`
--
ALTER TABLE `cbt_tes_topik_set`
  ADD PRIMARY KEY (`tset_id`),
  ADD KEY `p_tsubset_test_id` (`tset_tes_id`),
  ADD KEY `tsubset_subject_id` (`tset_topik_id`);

--
-- Indexes for table `cbt_tes_user`
--
ALTER TABLE `cbt_tes_user`
  ADD PRIMARY KEY (`tesuser_id`),
  ADD UNIQUE KEY `ak_testuser` (`tesuser_tes_id`,`tesuser_user_id`,`tesuser_status`),
  ADD KEY `p_testuser_user_id` (`tesuser_user_id`),
  ADD KEY `p_testuser_test_id` (`tesuser_tes_id`);

--
-- Indexes for table `cbt_topik`
--
ALTER TABLE `cbt_topik`
  ADD PRIMARY KEY (`topik_id`),
  ADD UNIQUE KEY `ak_subject_name` (`topik_modul_id`,`topik_nama`);

--
-- Indexes for table `cbt_user`
--
ALTER TABLE `cbt_user`
  ADD PRIMARY KEY (`user_id`),
  ADD UNIQUE KEY `ak_user_name` (`user_name`),
  ADD KEY `user_groups_id` (`user_grup_id`),
  ADD KEY `user_detail` (`user_detail`);

--
-- Indexes for table `cbt_user_grup`
--
ALTER TABLE `cbt_user_grup`
  ADD PRIMARY KEY (`grup_id`),
  ADD UNIQUE KEY `group_name` (`grup_nama`);

--
-- Indexes for table `user`
--
ALTER TABLE `user`
  ADD PRIMARY KEY (`id`),
  ADD UNIQUE KEY `username` (`username`),
  ADD KEY `level` (`level`);

--
-- Indexes for table `user_akses`
--
ALTER TABLE `user_akses`
  ADD PRIMARY KEY (`id`),
  ADD KEY `akses_kode_menu` (`kode_menu`),
  ADD KEY `akses_level` (`level`);

--
-- Indexes for table `user_level`
--
ALTER TABLE `user_level`
  ADD PRIMARY KEY (`id`),
  ADD UNIQUE KEY `level` (`level`);

--
-- Indexes for table `user_log`
--
ALTER TABLE `user_log`
  ADD PRIMARY KEY (`id`);

--
-- Indexes for table `user_menu`
--
ALTER TABLE `user_menu`
  ADD PRIMARY KEY (`id`),
  ADD UNIQUE KEY `kode_menu` (`kode_menu`);

--
-- AUTO_INCREMENT for dumped tables
--

--
-- AUTO_INCREMENT for table `cbt_jawaban`
--
ALTER TABLE `cbt_jawaban`
  MODIFY `jawaban_id` bigint(20) UNSIGNED NOT NULL AUTO_INCREMENT, AUTO_INCREMENT=709;

--
-- AUTO_INCREMENT for table `cbt_konfigurasi`
--
ALTER TABLE `cbt_konfigurasi`
  MODIFY `konfigurasi_id` int(11) NOT NULL AUTO_INCREMENT, AUTO_INCREMENT=6;

--
-- AUTO_INCREMENT for table `cbt_modul`
--
ALTER TABLE `cbt_modul`
  MODIFY `modul_id` bigint(20) UNSIGNED NOT NULL AUTO_INCREMENT, AUTO_INCREMENT=10;

--
-- AUTO_INCREMENT for table `cbt_soal`
--
ALTER TABLE `cbt_soal`
  MODIFY `soal_id` bigint(20) UNSIGNED NOT NULL AUTO_INCREMENT, AUTO_INCREMENT=231;

--
-- AUTO_INCREMENT for table `cbt_tes`
--
ALTER TABLE `cbt_tes`
  MODIFY `tes_id` bigint(20) UNSIGNED NOT NULL AUTO_INCREMENT, AUTO_INCREMENT=11;

--
-- AUTO_INCREMENT for table `cbt_tes_soal`
--
ALTER TABLE `cbt_tes_soal`
  MODIFY `tessoal_id` bigint(20) UNSIGNED NOT NULL AUTO_INCREMENT, AUTO_INCREMENT=135;

--
-- AUTO_INCREMENT for table `cbt_tes_token`
--
ALTER TABLE `cbt_tes_token`
  MODIFY `token_id` int(11) NOT NULL AUTO_INCREMENT, AUTO_INCREMENT=13;

--
-- AUTO_INCREMENT for table `cbt_tes_topik_set`
--
ALTER TABLE `cbt_tes_topik_set`
  MODIFY `tset_id` bigint(20) UNSIGNED NOT NULL AUTO_INCREMENT, AUTO_INCREMENT=11;

--
-- AUTO_INCREMENT for table `cbt_tes_user`
--
ALTER TABLE `cbt_tes_user`
  MODIFY `tesuser_id` bigint(20) UNSIGNED NOT NULL AUTO_INCREMENT, AUTO_INCREMENT=14;

--
-- AUTO_INCREMENT for table `cbt_topik`
--
ALTER TABLE `cbt_topik`
  MODIFY `topik_id` bigint(20) UNSIGNED NOT NULL AUTO_INCREMENT, AUTO_INCREMENT=10;

--
-- AUTO_INCREMENT for table `cbt_user`
--
ALTER TABLE `cbt_user`
  MODIFY `user_id` bigint(20) UNSIGNED NOT NULL AUTO_INCREMENT, AUTO_INCREMENT=8;

--
-- AUTO_INCREMENT for table `cbt_user_grup`
--
ALTER TABLE `cbt_user_grup`
  MODIFY `grup_id` bigint(20) UNSIGNED NOT NULL AUTO_INCREMENT, AUTO_INCREMENT=7;

--
-- AUTO_INCREMENT for table `user`
--
ALTER TABLE `user`
  MODIFY `id` int(11) NOT NULL AUTO_INCREMENT, AUTO_INCREMENT=7;

--
-- AUTO_INCREMENT for table `user_akses`
--
ALTER TABLE `user_akses`
  MODIFY `id` int(11) NOT NULL AUTO_INCREMENT, AUTO_INCREMENT=505;

--
-- AUTO_INCREMENT for table `user_level`
--
ALTER TABLE `user_level`
  MODIFY `id` int(11) NOT NULL AUTO_INCREMENT, AUTO_INCREMENT=9;

--
-- AUTO_INCREMENT for table `user_log`
--
ALTER TABLE `user_log`
  MODIFY `id` int(11) NOT NULL AUTO_INCREMENT;

--
-- AUTO_INCREMENT for table `user_menu`
--
ALTER TABLE `user_menu`
  MODIFY `id` int(11) NOT NULL AUTO_INCREMENT, AUTO_INCREMENT=44;

--
-- Constraints for dumped tables
--

--
-- Constraints for table `cbt_jawaban`
--
ALTER TABLE `cbt_jawaban`
  ADD CONSTRAINT `cbt_jawaban_ibfk_1` FOREIGN KEY (`jawaban_soal_id`) REFERENCES `cbt_soal` (`soal_id`) ON DELETE CASCADE ON UPDATE NO ACTION;

--
-- Constraints for table `cbt_soal`
--
ALTER TABLE `cbt_soal`
  ADD CONSTRAINT `cbt_soal_ibfk_1` FOREIGN KEY (`soal_topik_id`) REFERENCES `cbt_topik` (`topik_id`) ON DELETE CASCADE ON UPDATE NO ACTION;

--
-- Constraints for table `cbt_tesgrup`
--
ALTER TABLE `cbt_tesgrup`
  ADD CONSTRAINT `cbt_tesgrup_ibfk_1` FOREIGN KEY (`tstgrp_tes_id`) REFERENCES `cbt_tes` (`tes_id`) ON DELETE CASCADE ON UPDATE NO ACTION,
  ADD CONSTRAINT `cbt_tesgrup_ibfk_2` FOREIGN KEY (`tstgrp_grup_id`) REFERENCES `cbt_user_grup` (`grup_id`) ON DELETE CASCADE ON UPDATE NO ACTION;

--
-- Constraints for table `cbt_tes_soal`
--
ALTER TABLE `cbt_tes_soal`
  ADD CONSTRAINT `cbt_tes_soal_ibfk_1` FOREIGN KEY (`tessoal_tesuser_id`) REFERENCES `cbt_tes_user` (`tesuser_id`) ON DELETE CASCADE ON UPDATE NO ACTION,
  ADD CONSTRAINT `cbt_tes_soal_ibfk_2` FOREIGN KEY (`tessoal_soal_id`) REFERENCES `cbt_soal` (`soal_id`) ON UPDATE NO ACTION;

--
-- Constraints for table `cbt_tes_soal_jawaban`
--
ALTER TABLE `cbt_tes_soal_jawaban`
  ADD CONSTRAINT `cbt_tes_soal_jawaban_ibfk_1` FOREIGN KEY (`soaljawaban_tessoal_id`) REFERENCES `cbt_tes_soal` (`tessoal_id`) ON DELETE CASCADE ON UPDATE NO ACTION,
  ADD CONSTRAINT `cbt_tes_soal_jawaban_ibfk_2` FOREIGN KEY (`soaljawaban_jawaban_id`) REFERENCES `cbt_jawaban` (`jawaban_id`) ON UPDATE NO ACTION;

--
-- Constraints for table `cbt_tes_token`
--
ALTER TABLE `cbt_tes_token`
  ADD CONSTRAINT `cbt_tes_token_ibfk_1` FOREIGN KEY (`token_user_id`) REFERENCES `user` (`id`) ON DELETE CASCADE ON UPDATE CASCADE;

--
-- Constraints for table `cbt_tes_topik_set`
--
ALTER TABLE `cbt_tes_topik_set`
  ADD CONSTRAINT `cbt_tes_topik_set_ibfk_1` FOREIGN KEY (`tset_tes_id`) REFERENCES `cbt_tes` (`tes_id`) ON DELETE CASCADE ON UPDATE NO ACTION,
  ADD CONSTRAINT `cbt_tes_topik_set_ibfk_2` FOREIGN KEY (`tset_topik_id`) REFERENCES `cbt_topik` (`topik_id`) ON UPDATE NO ACTION;

--
-- Constraints for table `cbt_tes_user`
--
ALTER TABLE `cbt_tes_user`
  ADD CONSTRAINT `cbt_tes_user_ibfk_1` FOREIGN KEY (`tesuser_tes_id`) REFERENCES `cbt_tes` (`tes_id`) ON DELETE CASCADE,
  ADD CONSTRAINT `cbt_tes_user_ibfk_2` FOREIGN KEY (`tesuser_user_id`) REFERENCES `cbt_user` (`user_id`) ON DELETE CASCADE ON UPDATE NO ACTION;

--
-- Constraints for table `cbt_topik`
--
ALTER TABLE `cbt_topik`
  ADD CONSTRAINT `cbt_topik_ibfk_1` FOREIGN KEY (`topik_modul_id`) REFERENCES `cbt_modul` (`modul_id`) ON DELETE CASCADE ON UPDATE NO ACTION;

--
-- Constraints for table `cbt_user`
--
ALTER TABLE `cbt_user`
  ADD CONSTRAINT `cbt_user_ibfk_1` FOREIGN KEY (`user_grup_id`) REFERENCES `cbt_user_grup` (`grup_id`) ON DELETE CASCADE ON UPDATE NO ACTION;

--
-- Constraints for table `user`
--
ALTER TABLE `user`
  ADD CONSTRAINT `user_ibfk_1` FOREIGN KEY (`level`) REFERENCES `user_level` (`level`) ON DELETE CASCADE ON UPDATE CASCADE;

--
-- Constraints for table `user_akses`
--
ALTER TABLE `user_akses`
  ADD CONSTRAINT `user_akses_ibfk_2` FOREIGN KEY (`kode_menu`) REFERENCES `user_menu` (`kode_menu`) ON DELETE CASCADE ON UPDATE CASCADE,
  ADD CONSTRAINT `user_akses_ibfk_3` FOREIGN KEY (`level`) REFERENCES `user_level` (`level`) ON DELETE CASCADE ON UPDATE CASCADE;
COMMIT;

/*!40101 SET CHARACTER_SET_CLIENT=@OLD_CHARACTER_SET_CLIENT */;
/*!40101 SET CHARACTER_SET_RESULTS=@OLD_CHARACTER_SET_RESULTS */;
/*!40101 SET COLLATION_CONNECTION=@OLD_COLLATION_CONNECTION */;
